E,r,q2
0.0274895734092,1,0.00660752569222
0.0274406533189,1,0.00779371063848
0.0274242031391,1,0.00740659522196
0.0275347049618,1,0.00643396507866
0.02737456558,1,0.00718415096123
0.0275677378051,1,0.0066221000034
0.0273387013356,1,0.00687437509916
0.0276028337223,1,0.00680709810878
0.0276395537403,1,0.00661630711231
0.027291871786,1,0.0072814156804
0.0272716036426,1,0.0068373959744
0.0276914347685,1,0.00703279690862
0.0277163439053,1,0.00754137243006
0.0272062519815,1,0.00635580314135
0.02775105896,1,0.00735919877416
0.0277687642145,1,0.00707860741186
0.0271674466079,1,0.00630409518647
0.0271497947994,1,0.00690975143391
0.0271306846988,1,0.00625350512854
0.0278120742578,1,0.00708343164385
0.0278519397375,1,0.00774247197203
0.0270697659744,1,0.00707618876915
0.0270592633338,1,0.00625575182609
0.0278904838877,1,0.00748658372929
0.0279364628796,1,0.00668830742028
0.0279561430507,1,0.00683774508919
0.0269731189557,1,0.00775090801716
0.0269465942745,1,0.0079340420208
0.0269243920207,1,0.0065121964318
0.0269033341221,1,0.00685501067135
0.0280433554164,1,0.00657837646437
0.0268584233017,1,0.00684546937185
0.028122421883,1,0.00867516296359
0.0281339603569,1,0.00662302744646
0.0267801493632,1,0.00653301350851
0.0281655812441,1,0.00649767852529
0.0267530505912,1,0.00749986429343
0.0282123884471,1,0.00796557844254
0.0267068563901,1,0.00722851872095
0.028255462866,1,0.00625840680934
0.0266729079327,1,0.00620686713661
0.0282988230642,1,0.00719506384044
0.0266355795464,1,0.00666790436147
0.0283497373588,1,0.00719082358201
0.0265847164975,1,0.00678920956263
0.028367164937,1,0.00710837551365
0.0265458755519,1,0.00702709472225
0.0283995005954,1,0.00702540327708
0.0265266390397,1,0.00735785121054
0.0284369385411,1,0.00774619299303
0.0264920234597,1,0.0073504982382
0.0284753817893,1,0.00623603264873
0.0264575137722,1,0.00634220592978
0.0274843672529,2,0.00753367671268
0.0274446694015,2,0.00738013570155
0.027514010894,2,0.00623432405853
0.0274159232444,2,0.00633334504505
0.0273878698057,2,0.00747725286891
0.0275713252154,2,0.00702005493487
0.0273623069405,2,0.00635525932104
0.0275993169615,2,0.00697532335721
0.0273315502287,2,0.00691079321009
0.0276485083644,2,0.00695059893225
0.0272746333118,2,0.00628798465965
0.0272419297372,2,0.00644654281419
0.0277021882769,2,0.00668840873832
0.0277260496391,2,0.00660647605621
0.0272000334337,2,0.00720001122643
0.0271656646755,2,0.00673898632432
0.0277799321766,2,0.00862510651499
0.0271401800853,2,0.00770671320255
0.0278114969472,2,0.00781168608743
0.0270930380119,2,0.00646218241688
0.027867684959,2,0.00726232107643
0.0270586985094,2,0.00726452728152
0.0279131655995,2,0.0062726849195
0.0270094332088,2,0.00729181714965
0.0269830145189,2,0.00720604381302
0.0279628104549,2,0.00619972084571
0.0279892523261,2,0.00619164104478
0.0269320308787,2,0.00642807722139
0.0280293257956,2,0.00708339996533
0.0268913514636,2,0.00667000015339
0.0280713894327,2,0.00753041120372
0.0268493955827,2,0.00800491588884
0.0281251990009,2,0.00650597378523
0.0268101721162,2,0.00744851278021
0.026758954283,2,0.0067714664733
0.0267497562822,2,0.007004275162
0.0281927382629,2,0.00633905973447
0.028216956102,2,0.00832303603274
0.0266838332435,2,0.00730335158028
0.0282719134573,2,0.0071234827986
0.0266672528191,2,0.00661329907191
0.0283110653584,2,0.00681912636569
0.0266280228244,2,0.00655022288286
0.0265974574761,2,0.00740384410985
0.0283538857937,2,0.0060418467136
0.0265384192849,2,0.00668627091042
0.0284073813434,2,0.00735190363575
0.0284367453861,2,0.00725340318207
0.0264947751521,2,0.007356442011
0.0264650622623,2,0.00687447168615
0.0285049632197,2,0.00832363555449
0.0285203121182,2,0.00652404151698
0.0264021552776,2,0.00633461240282
0.0285455489608,2,0.00660644654828
0.0263723427514,2,0.00755058214281
0.0274786780334,3,0.00626518795621
0.0274575785462,3,0.00686489302425
0.0274204087245,3,0.00686209468654
0.0275532831994,3,0.00720101538575
0.0273657134999,3,0.00757869554477
0.0275759301558,3,0.00667916299084
0.0273346952229,3,0.00633574463234
0.0276224351342,3,0.00658696186076
0.0272954765231,3,0.0060967295358
0.0276478480947,3,0.00693987134835
0.0276732592329,3,0.00702677995567
0.0272611144275,3,0.00665181054147
0.0272192881694,3,0.00640291113922
0.0277426262176,3,0.0085720040152
0.0271681727717,3,0.006722792758
0.0277829471579,3,0.00778542035895
0.0271447046096,3,0.00701481303108
0.0278198432409,3,0.00717260153677
0.0271103660979,3,0.00700478762232
0.0270791982355,3,0.00655929920379
0.0278602198519,3,0.00678086854489
0.0278898878771,3,0.00698873710654
0.0270137979354,3,0.00684765143128
0.0269959770755,3,0.0067695083552
0.0279540279984,3,0.00791040568795
0.0279637409854,3,0.00608615502417
0.0269455104551,3,0.00720373887621
0.0269296241681,3,0.00720392359403
0.0280176704401,3,0.00703002580961
0.0268912375385,3,0.00687228451412
0.028063479851,3,0.00654409975409
0.0280857057059,3,0.00879502244223
0.0268453904645,3,0.00633371293547
0.0268069934291,3,0.00862137788535
0.0281390355314,3,0.00741564291488
0.0267754183011,3,0.00736882637861
0.0281866433783,3,0.00814044206645
0.0282018707501,3,0.00882072393144
0.0267329121238,3,0.00693119829534
0.0282201731117,3,0.00663411060222
0.0266994910341,3,0.00690235922406
0.0282508960945,3,0.00841330388953
0.0282975293526,3,0.00676158309545
0.0266357833153,3,0.00629103632371
0.0283407304919,3,0.00669771188505
0.02658732046,3,0.00647694041331
0.0265647101409,3,0.00617750400914
0.028379304463,3,0.00745955790541
0.0284098350556,3,0.00731437244351
0.0264984475575,3,0.00634264597236
0.0284574163712,3,0.00724364125447
0.0284707378306,3,0.00613144025676
0.026456768145,3,0.00653102051448
0.0284931314885,3,0.00890778720948
0.0264160148741,3,0.00776060312568
0.0274706992468,4,0.00641252270626
0.0274361422534,4,0.00798677059526
0.0275129541664,4,0.00644254889946
0.027417807066,4,0.0063709089583
0.0275394486445,4,0.00635024125782
0.0275979922857,4,0.00690082783445
0.0273327358365,4,0.0067213145972
0.027638929876,4,0.00675686342255
0.0272756411176,4,0.00696266423142
0.0276768978482,4,0.00661661671665
0.0272466661977,4,0.00678417276893
0.0277086036602,4,0.00619561779742
0.0272068096246,4,0.00628683557251
0.0277556440867,4,0.00685163765688
0.0271809048813,4,0.00619285811756
0.0277791021858,4,0.0067272368725
0.0277936281739,4,0.00644408196904
0.0271349611359,4,0.00733490713222
0.0278445214714,4,0.00608943860227
0.0270586283751,4,0.00628161100919
0.0278821315948,4,0.00640545908024
0.0279019458539,4,0.00663201098125
0.027036518505,4,0.00624580630239
0.0279423588826,4,0.00673661602592
0.0269913884482,4,0.00650793401157
0.0279720629688,4,0.00672095517082
0.0269641899985,4,0.00647098613477
0.0269320480177,4,0.00715449231128
0.0280075009301,4,0.00699004371693
0.0280359134241,4,0.00742458121071
0.0280690978394,4,0.00924712829043
0.0268578639655,4,0.00725182789777
0.02810149778,4,0.0063685395526
0.0268218975469,4,0.00671346636596
0.028161473867,4,0.0066286895523
0.0267760380746,4,0.00663408183844
0.0267594803369,4,0.00661203357363
0.0282028062785,4,0.00732263269635
0.0267137366574,4,0.0064025310387
0.0282520691705,4,0.00653084731893
0.0266862963516,4,0.0070946947068
0.0266660625387,4,0.00675984190379
0.0266495252823,4,0.00631865487002
0.0283151138392,4,0.00630323874599
0.0283339552567,4,0.0104971497993
0.0266016382601,4,0.0064752867374
0.0283682701537,4,0.00633200661167
0.0265507489381,4,0.00649973966757
0.0283951400143,4,0.00707721304622
0.026500940391,4,0.00638830305526
0.0284389505682,4,0.00699960180366
0.026480304716,4,0.00691749195174
0.0284884734225,4,0.00634946566413
0.0264430233781,4,0.00726597567553
0.0285230509451,4,0.00775517519726
0.027484778839,5,0.00747410982026
0.0274288483595,5,0.00798276067252
0.0275249319757,5,0.00653986838717
0.0274027204332,5,0.00719970588413
0.0275567240607,5,0.00649131071292
0.0273735450922,5,0.00676292226644
0.0276011419989,5,0.00666343194418
0.0273181906117,5,0.00646150786481
0.0276420748089,5,0.00709605075592
0.0272724048919,5,0.00926374260151
0.0276703749756,5,0.0097756858416
0.0276890938314,5,0.00669713819241
0.0272299496051,5,0.0071754362536
0.0277231633184,5,0.00742439856469
0.0272112161332,5,0.00771510249322
0.0271693001163,5,0.00649331096714
0.0277772118291,5,0.00657642066104
0.0271328599352,5,0.00821859493189
0.0278106932724,5,0.00627363020048
0.0278486368002,5,0.0065145212545
0.0270724623613,5,0.00638483814609
0.0278983497613,5,0.00720480899243
0.0270287794209,5,0.00624699378331
0.0279202623243,5,0.00701183375929
0.0270055068645,5,0.00768880891421
0.027950421545,5,0.0069223545833
0.0279707197989,5,0.00650945754343
0.0269589448216,5,0.00763934884392
0.0280342462291,5,0.00688397372987
0.026886884053,5,0.00737456108322
0.0280540331074,5,0.00590417076575
0.0268575803504,5,0.00643711093362
0.0280970314016,5,0.00768244066481
0.0268257256187,5,0.00813747611225
0.0281388833387,5,0.00633686612363
0.0281515262803,5,0.00692931437043
0.0281768616155,5,0.00662771278629
0.0267553972129,5,0.00650574656559
0.0267165969461,5,0.00735052544769
0.0282299596577,5,0.00764112930806
0.0266899589563,5,0.00764253240902
0.028261783252,5,0.00693793854821
0.0266547053398,5,0.00646367609489
0.0266219242485,5,0.00651935172597
0.0283328493582,5,0.00909026249926
0.0283574456487,5,0.00678921646963
0.0265647272565,5,0.00725035914878
0.0283858444911,5,0.00723342192332
0.0265409486178,5,0.00720614578022
0.0284214915616,5,0.00673632823857
0.0264823355906,5,0.00621641573894
0.0264472954299,5,0.00680809028498
0.0284959209236,5,0.00729630752464
0.0274898947391,6,0.00869527936323
0.0275070383788,6,0.00669540761591
0.0274123046121,6,0.00725599563761
0.0275337715397,6,0.00669515717615
0.0275805365961,6,0.00603067845121
0.0273559119423,6,0.00658582040665
0.0273220332837,6,0.00727405686536
0.027620567285,6,0.00713184488109
0.0272985764867,6,0.00806102918988
0.0276591534233,6,0.00685602998977
0.0276852904293,6,0.00784055628585
0.0272371659942,6,0.00723773819278
0.0272151858304,6,0.00802532636717
0.0277287402457,6,0.00696642228922
0.0277479355907,6,0.0062827061076
0.0271728088233,6,0.00673797033738
0.0277803537905,6,0.00649479457555
0.0271037398914,6,0.00699648001974
0.0278373173396,6,0.00646892432819
0.0278550576138,6,0.00691693135273
0.0270571191039,6,0.00667165834873
0.027036158172,6,0.00648188002346
0.02790690183,6,0.00626089940686
0.0279353377484,6,0.00645006919048
0.0269951838118,6,0.00671138520795
0.0279685489154,6,0.00705949236555
0.0279918452522,6,0.00604646457294
0.026943881353,6,0.00695796861533
0.0269099415909,6,0.00689340947376
0.0280365359554,6,0.00650136005754
0.0268721358876,6,0.00760094513057
0.0280906312368,6,0.00576939220142
0.0268433644745,6,0.00660419684815
0.0268210255183,6,0.00649075884618
0.0281212747542,6,0.00655573339638
0.0281467238536,6,0.00630320850429
0.0267578715978,6,0.00649313583686
0.0282074614375,6,0.0069689128082
0.026716677291,6,0.00702812659241
0.0282349770436,6,0.00729930967087
0.0266714310103,6,0.00652622877685
0.0282878263906,6,0.00679612771066
0.0266325059216,6,0.00682486308606
0.0283160135794,6,0.0074602124573
0.0265944034797,6,0.00717497474983
0.0283663980786,6,0.00639288477203
0.0265555875479,6,0.00695211023584
0.028414718706,6,0.00700138192371
0.0284341914763,6,0.00645334890355
0.0265032963796,6,0.00610885499714
0.0264705260507,6,0.00676379751105
0.0284865112707,6,0.00658487893776
0.0264319535847,6,0.00720110146342
0.0274558186515,7,0.00886053799153
0.027488925842,7,0.007474381056
0.0274995723289,7,0.00703597104632
0.0274124564607,7,0.00797596378219
0.0275377108229,7,0.0076545657702
0.0273634060059,7,0.00706592366225
0.0276051763004,7,0.00696836075279
0.0276361167823,7,0.00747516868194
0.0272973061009,7,0.00615006865815
0.0272663830345,7,0.00710430655494
0.0276858530011,7,0.00715301221483
0.0276964425797,7,0.00619393270656
0.0272356587955,7,0.00761568548582
0.0271955379958,7,0.00656397297921
0.0277559690401,7,0.00729551296665
0.027179090958,7,0.00626127462214
0.0277975174687,7,0.00647193631223
0.0271282382133,7,0.00656813532955
0.0271022734828,7,0.00667418747043
0.0278388518379,7,0.00653939367507
0.0278675677442,7,0.00737949067505
0.0270461869655,7,0.00634678336556
0.0279302244322,7,0.00764686488152
0.0269998196829,7,0.00624644655713
0.0269909229371,7,0.0073466524022
0.0279545788192,7,0.00715006692337
0.0269607036335,7,0.00708532725708
0.0280016762855,7,0.00777414721051
0.0269234812384,7,0.00658392889269
0.0280227624125,7,0.00766686601959
0.0280844916643,7,0.00690061961489
0.0268455135433,7,0.00721503034878
0.0268071029925,7,0.00694813148574
0.0281488079366,7,0.00732061521379
0.0267668396061,7,0.00685416474239
0.028182526474,7,0.00665452695139
0.0267530462041,7,0.0066015524749
0.0267122322876,7,0.00745977043325
0.0282613757737,7,0.00723159381172
0.0266748413803,7,0.00663398911262
0.0266508397513,7,0.00706990353963
0.0266334405618,7,0.00767517372587
0.0283090257468,7,0.00671805069514
0.0283374233261,7,0.0136623032861
0.0265732638596,7,0.00641886906786
0.0283874546383,7,0.00648475659712
0.0265443778601,7,0.00636948361911
0.028407467672,7,0.0067039754744
0.0264870207639,7,0.0069388932306
0.0284744241809,7,0.00673480772619
0.0264520165876,7,0.00649705686613
0.0284994548159,7,0.00842593990218
0.0285243758798,7,0.0065628202678
0.0263950766225,7,0.00659196593523
0.0263666284477,7,0.00783153771543
0.0274569218297,8,0.00677809312203
0.0275052766391,8,0.00802855769819
0.027421144966,8,0.0071128986797
0.027544225813,8,0.00628489717304
0.0273904661924,8,0.0061101646476
0.0275838153014,8,0.00628105774694
0.0273246072733,8,0.00695448106859
0.0276362852583,8,0.00723754353106
0.027294922614,8,0.00801959896299
0.027273266659,8,0.00673926136879
0.0276762896362,8,0.00820295320864
0.0276944650148,8,0.00779740133109
0.0272123364283,8,0.00996116363935
0.0271879113495,8,0.00695907783645
0.0271692124123,8,0.00628036435521
0.0277796937619,8,0.00661019992638
0.0271400839985,8,0.00661958745929
0.0278018106501,8,0.00657799878583
0.0278221476535,8,0.00702713712835
0.0271000574485,8,0.00714631413948
0.0278560483655,8,0.00668139103105
0.0270583377543,8,0.00752563916707
0.0279126188135,8,0.00646612313904
0.0270243823003,8,0.00667404723475
0.0279334669481,8,0.00888187092866
0.0270051239153,8,0.006902494306
0.0269604615086,8,0.00685290825644
0.0280060940363,8,0.0068506370466
0.0269311012159,8,0.00694677350769
0.0268841212755,8,0.00694198505699
0.0280560870012,8,0.00789166641581
0.0268301100922,8,0.00635980229364
0.0281103180416,8,0.00696477411361
0.028128624383,8,0.00741970687712
0.0281720412886,8,0.00654944291874
0.0267590212285,8,0.00744254165525
0.026751787016,8,0.0067985426918
0.0282073816987,8,0.00869793778128
0.0266895529097,8,0.00810404188554
0.0282612900078,8,0.00616077465884
0.0266670985512,8,0.0066824250222
0.028312619912,8,0.00692959607799
0.0266191201667,8,0.00649740298181
0.0266018428247,8,0.00645365175151
0.0283425914896,8,0.00721893345435
0.0283816497377,8,0.0079084724786
0.0265393223417,8,0.00759959867342
0.0284141990587,8,0.00694032056373
0.026502557625,8,0.0066134175086
0.0284537450537,8,0.00626344252577
0.0284686230052,8,0.006393760804
0.0264656882569,8,0.00682809479893
0.0264100879776,8,0.00650354324238
0.0285387398711,8,0.00663898421783
0.0274760194322,9,0.00667979259984
0.027455332442,9,0.00715843961458
0.0274115283845,9,0.00854822446228
0.0275363693245,9,0.00720831467737
0.0273772550221,9,0.00687029585866
0.0275623968405,9,0.00706742485962
0.0273384396417,9,0.00653668794289
0.0273131745954,9,0.00729170615223
0.0276328861809,9,0.00716515951226
0.0272903968675,9,0.00673048232485
0.0276718657389,9,0.00681010282645
0.0272471704832,9,0.00663725272257
0.0277171097359,9,0.00812071873769
0.027199227984,9,0.00679487491624
0.0271634677232,9,0.00641667371867
0.0277828869133,9,0.00682981679766
0.0278249769461,9,0.00683745209836
0.027106644928,9,0.00648559868374
0.0270902866164,9,0.00671302470306
0.0278650229472,9,0.00678912204336
0.0270469332663,9,0.0061954879023
0.0279215071,9,0.00627344403853
0.0279332323198,9,0.00676861779747
0.0270012308883,9,0.00699071493053
0.0279786668546,9,0.00697871841021
0.0269565140824,9,0.00659078046094
0.0279945841612,9,0.00650932948784
0.0269345434263,9,0.00712598321618
0.0280303469038,9,0.00683720047209
0.0268835086497,9,0.00703239487086
0.0268650874787,9,0.00631200578751
0.028078338775,9,0.00639825131687
0.0268166080308,9,0.00643235877254
0.028139643432,9,0.00656194826251
0.0281627276531,9,0.00691214848575
0.0267661110558,9,0.00757609790788
0.0281896554092,9,0.00694866475635
0.0267218519798,9,0.00679633367227
0.0282292743444,9,0.00633715120486
0.0282620285337,9,0.00721003045875
0.0266748140827,9,0.0071726855387
0.0282929312882,9,0.00661636041603
0.0266397157662,9,0.00622962170941
0.0283426253788,9,0.00714908291192
0.0265812163778,9,0.00737039456032
0.0283820688009,9,0.0066035363391
0.0265354260504,9,0.00652039933532
0.0265157964076,9,0.00658974032083
0.0284355360045,9,0.00651234511418
0.0264802855207,9,0.00605956617481
0.0284623797183,9,0.00630262555894
0.0284936767159,9,0.0067036558642
0.0264370256872,9,0.00710588951864
0.0263931105978,9,0.00775090415635
0.0274653345863,10,0.00721949671729
0.0274439996359,10,0.00740193076418
0.0275116664499,10,0.00659003357298
0.0274021814419,10,0.0069166746044
0.0275537021459,10,0.00668386245149
0.0273561131277,10,0.00699920980345
0.0275927769144,10,0.00679807477283
0.0272940047169,10,0.00615212761374
0.0276471319869,10,0.00668296497913
0.0272648291383,10,0.00685925737874
0.0276893493378,10,0.00705049778431
0.027708017299,10,0.00647748218245
0.0272080552778,10,0.00624764709492
0.0271744714657,10,0.0066457051442
0.0277700023269,10,0.00726727656908
0.0278151661357,10,0.00699168726544
0.0271229483717,10,0.00777242015258
0.0278324541146,10,0.00722383637848
0.0270751747557,10,0.0068801818081
0.0278757518969,10,0.00741471933464
0.0270308364445,10,0.00778881666377
0.027941635357,10,0.00661917523965
0.0269886884736,10,0.00677438006589
0.0279814662007,10,0.00661238092735
0.0269537138397,10,0.00733451579833
0.027995085754,10,0.00759641696542
0.0269137098404,10,0.00703354572514
0.0280300999161,10,0.00728945053159
0.0268750014335,10,0.00704158857442
0.0280825697503,10,0.00669363433768
0.0268479156066,10,0.00821572249621
0.0281485965674,10,0.00651569375721
0.0281769196571,10,0.00776772376215
0.0267424971907,10,0.00745931615379
0.0282083946999,10,0.00615037306676
0.0267154329688,10,0.00899446859545
0.0282360271813,10,0.00656386749899
0.0267022851218,10,0.00667249612597
0.0282638511468,10,0.00704360504767
0.0266709376256,10,0.00674519566726
0.0283013640033,10,0.00663133281909
0.0266359929105,10,0.0065537542949
0.0283583158775,10,0.00737677334868
0.0265602498483,10,0.0069880979149
0.0283947164313,10,0.00732653881073
0.0265328130338,10,0.00742348448701
0.0284311614642,10,0.00674404167245
0.0265014048282,10,0.006320447185
0.0284636704544,10,0.00695088557291
0.0284747013523,10,0.00658372638602
0.0264570563093,10,0.00810857851657
0.0285174046787,10,0.00610884602787
0.0264018312865,10,0.0072817127759
0.026385839731,10,0.00663770220622
0.0285635419261,10,0.00686672184335
0.0274397891558,11,0.00624800267379
0.0274996699242,11,0.00726566675924
0.0274057061856,11,0.00639846025789
0.027557491562,11,0.00709320605854
0.0273703492852,11,0.00661842332096
0.0275893709626,11,0.00664551664029
0.0276164771115,11,0.00666921543875
0.027315768063,11,0.00686780737589
0.0273023705399,11,0.00649632952214
0.0276578155984,11,0.0075242024947
0.0272641577865,11,0.00633264740431
0.027223734688,11,0.00646876876738
0.0277283851406,11,0.00705314957604
0.027171599418,11,0.00695702838086
0.0277770799677,11,0.00603767909314
0.0278085485103,11,0.00689649411156
0.0271286385088,11,0.00785047737832
0.0271096083494,11,0.00763299768289
0.0278455750012,11,0.00665948877946
0.0270716724569,11,0.00673832420295
0.0278835474982,11,0.00612578641337
0.0270468079239,11,0.00681543571828
0.027927497227,11,0.00653124926041
0.0269690124372,11,0.00892138374766
0.0279763277438,11,0.00647834687871
0.0269581811024,11,0.00661142354376
0.0269309775638,11,0.00743674268507
0.0280131560927,11,0.00886878725018
0.0269011581984,11,0.00622405887037
0.0280776803077,11,0.00814177945458
0.0268376161985,11,0.00772135358302
0.0281027419505,11,0.00737056441339
0.0268281638433,11,0.0070648388978
0.0281408201337,11,0.00723854793974
0.0267795379932,11,0.00774497930437
0.0281760255871,11,0.00809667915288
0.0282037544139,11,0.00747898685047
0.0267334074296,11,0.00705375669366
0.0267050138109,11,0.00693608225312
0.0282568756714,11,0.00712046695344
0.0266712917537,11,0.0064675454325
0.0282914724905,11,0.00773315034207
0.0266422432695,11,0.006635959114
0.0283402954471,11,0.00640590860614
0.0265968808183,11,0.00622258181815
0.0283647856849,11,0.00649634242305
0.0283823155098,11,0.00650199585198
0.0265328348201,11,0.00737614533124
0.0265037685479,11,0.00673497989742
0.0284447826832,11,0.00804949570881
0.0264623086686,11,0.00638139365996
0.0284978554847,11,0.00650055957296
0.0285386286039,11,0.00614366918748
0.0274836365093,12,0.00722562000299
0.027490632616,12,0.00656494022845
0.0274441175767,12,0.0065278232357
0.0274145946506,12,0.00719827011673
0.0275471779973,12,0.00780231235172
0.0273411309041,12,0.00735167816433
0.0276140017783,12,0.0073023193118
0.0276276731506,12,0.00683425051355
0.0273036824008,12,0.00715636247572
0.0272764552136,12,0.00733586462308
0.0276724624184,12,0.00707727945483
0.0272441662416,12,0.0063859268836
0.0272254917735,12,0.00641326693569
0.0277279457516,12,0.00736771835607
0.0277439575886,12,0.00691016125359
0.0277574896221,12,0.00745970460884
0.027152766737,12,0.00617243097056
0.0278003097812,12,0.00730684434798
0.0271257514767,12,0.00674258176815
0.0278309849326,12,0.00692771689961
0.0270873324453,12,0.00704733570177
0.027868813764,12,0.00627330233297
0.0279231246451,12,0.00697346686521
0.0270087606296,12,0.00707145517596
0.0269848322128,12,0.00777662117456
0.0279586562406,12,0.00647318854625
0.0269665910418,12,0.00650792473671
0.0279784204652,12,0.00627249011151
0.0280230072878,12,0.00801171634227
0.0269161933026,12,0.00720783153692
0.0280592726539,12,0.00632171703481
0.026836509991,12,0.00722742077132
0.026793788821,12,0.007120569706
0.0281553264577,12,0.00823510941774
0.02675709398,12,0.00710185248182
0.0281877886432,12,0.00695011120953
0.0282205674558,12,0.00642919168702
0.0267146102092,12,0.00628387295171
0.0282412345381,12,0.00663991269074
0.026663001624,12,0.00700389867949
0.0282957546452,12,0.00614949640324
0.0266235916824,12,0.00764264156862
0.0283258334919,12,0.00716760035093
0.0266035090741,12,0.00774166666892
0.0283593344302,12,0.00636032534654
0.0265510282075,12,0.0072107343187
0.028414935682,12,0.00692447516573
0.0265110452118,12,0.00738691350912
0.0284565050523,12,0.00706108622488
0.0284904975891,12,0.00650479558241
0.0264436781997,12,0.00714022020793
0.0285007637189,12,0.00676188005514
0.0285269157305,12,0.00636312782686
0.0264066729437,12,0.00691560296751
0.0263854969487,12,0.00766393308519
0.0274706931407,13,0.00731425735421
0.02741936966,13,0.00654234050224
0.0275301861267,13,0.00653611496234
0.0273942104099,13,0.0063911074841
0.0275472021988,13,0.00851284138206
0.0275716182876,13,0.00652068639799
0.0276227430094,13,0.00708684017729
0.0273005731904,13,0.00753287228504
0.0276615609148,13,0.0069017543524
0.0272659059644,13,0.00694660569492
0.0276986616265,13,0.00683117458662
0.0272156243638,13,0.00669771650136
0.0277430662211,13,0.00666122682048
0.0277632797718,13,0.00640235589039
0.0271638883375,13,0.00755487943271
0.0271354171176,13,0.0071299832888
0.0278062624187,13,0.00621592176338
0.0271092687873,13,0.00647007915145
0.0278334848199,13,0.00725606660413
0.0278798769707,13,0.00704413869797
0.0270587632959,13,0.00714674619689
0.0270070354125,13,0.00622101530278
0.0279389381937,13,0.00671178367262
0.0279585321292,13,0.00722672287696
0.0269773040903,13,0.0069200815257
0.0279975238713,13,0.00767494470077
0.0269260509811,13,0.00720268024984
0.0280326227081,13,0.0072948771471
0.0268945984284,13,0.00662461048619
0.0280676758995,13,0.00856495004647
0.0268543723554,13,0.00734103966182
0.0268236667187,13,0.00666139442582
0.028133196643,13,0.00647954226332
0.028165028318,13,0.00652132969904
0.0267559832202,13,0.00725404480048
0.0281954036759,13,0.00687692156413
0.0267288795415,13,0.00667501402476
0.0282125287287,13,0.00802427548673
0.0267022918413,13,0.00655886614359
0.0282609703769,13,0.00796952484788
0.0282947188632,13,0.0066763984696
0.0266382650594,13,0.00739759941342
0.0283337914662,13,0.00672435750725
0.0265784009406,13,0.00616906394538
0.0265592193601,13,0.00669750559526
0.0283803675623,13,0.00756168390272
0.02841096481,13,0.00660888432342
0.0265127940837,13,0.00740364793101
0.0284324292482,13,0.00668627254432
0.0264928675017,13,0.00792566132504
0.026476461541,13,0.00694098685685
0.0284894510064,13,0.007748052466
0.026430128235,13,0.00683497405382
0.0285214273942,13,0.00799011385937
0.0274730334684,14,0.00606801732509
0.0274865338586,14,0.00673368052889
0.0274408005981,14,0.00700997480439
0.0275183797815,14,0.00738768029403
0.0274051943965,14,0.00807757612396
0.0273773840039,14,0.00661934285382
0.0275760306697,14,0.0103424419808
0.0276101606566,14,0.00685401362462
0.0273275094154,14,0.00761615358854
0.027309947536,14,0.00661819113349
0.0276476820125,14,0.00819597738364
0.0272561469792,14,0.00645525560403
0.0277083896825,14,0.00616481328026
0.0272304518187,14,0.00657398241796
0.0271623475207,14,0.00987928219162
0.0277771879403,14,0.00758911365364
0.027788608265,14,0.00678620557742
0.0271325964545,14,0.00653060087916
0.0278145758739,14,0.00686635234423
0.0270996873772,14,0.00694192773321
0.0278640842539,14,0.00634551651522
0.0270649501902,14,0.00790392806395
0.0278868017969,14,0.00635153718605
0.0270150630171,14,0.00662412147917
0.0279388044887,14,0.00612998025829
0.0279532968105,14,0.00649274022191
0.0269597106337,14,0.00632931615612
0.0269343293177,14,0.0069072120594
0.0280063180119,14,0.00652258894374
0.0280670779873,14,0.00633986038029
0.0268717914575,14,0.00650126717555
0.0280895368831,14,0.00665483868189
0.0268487739462,14,0.0069803254115
0.0281320300451,14,0.00637299999689
0.0268030896498,14,0.00707658364555
0.0281844428369,14,0.00649785123797
0.0267373941866,14,0.0067513481956
0.0282308135428,14,0.00661710919864
0.0267031371676,14,0.00680801216556
0.0282695621282,14,0.00760203392663
0.0266564350502,14,0.00823703304338
0.0282952385011,14,0.00739735088714
0.0266287516046,14,0.00645595460499
0.0283202333155,14,0.00658005625723
0.0265927224964,14,0.00737103503659
0.0283640376519,14,0.00692608603013
0.0265583253361,14,0.00646472173048
0.0283984403802,14,0.0064664581302
0.026524677031,14,0.00617278445869
0.0284286001587,14,0.00776581486173
0.0264755609497,14,0.00673185403365
0.0284757665935,14,0.0065776417943
0.0264335106653,14,0.00764546286266
0.0285254798041,14,0.00745476007183
0.0264084295513,14,0.00744482603081
0.0274485398569,15,0.00619777978285
0.0275044610026,15,0.00639645937937
0.0274182995641,15,0.00714617532837
0.0273846019328,15,0.00733133925528
0.0275606322206,15,0.00679795870436
0.0276018249237,15,0.00728462918182
0.0273349685507,15,0.00717278384158
0.027639167905,15,0.00832626849817
0.0272953023293,15,0.00695072308562
0.027690718087,15,0.00685354145745
0.027244641382,15,0.0067323966743
0.0277184063365,15,0.00763801717629
0.0271889320546,15,0.00690032466093
0.0277545964162,15,0.0074207651165
0.0277760128486,15,0.00692173803551
0.0271387674694,15,0.00722018143762
0.0278307819552,15,0.0067826295432
0.0271070413574,15,0.00992027456582
0.0278592015002,15,0.00667771117614
0.0270768104503,15,0.00720670354758
0.0270390304098,15,0.00738035244827
0.0279038502865,15,0.00602751995414
0.0279493785299,15,0.00730104422949
0.02696165488,15,0.00768819176497
0.0269363902746,15,0.00739954166199
0.0280074109029,15,0.00689115697885
0.0280282625773,15,0.00632140952886
0.026888745078,15,0.0067744352588
0.02686381193,15,0.00927734962791
0.0280863405181,15,0.00621671107574
0.0268106527342,15,0.00820090737995
0.02813051585,15,0.00701296241808
0.0281551574996,15,0.00684565677635
0.0267778089785,15,0.00709499474662
0.028199718895,15,0.00666635960656
0.0267326118642,15,0.0108809234287
0.0266978111482,15,0.00651943695453
0.0282536568521,15,0.00720433138286
0.0282713750353,15,0.00691149950462
0.0266628132663,15,0.00720972866284
0.0282862639231,15,0.00720461645767
0.026615478938,15,0.00707348773944
0.0283315368422,15,0.00714279713433
0.0265956488924,15,0.00655090417286
0.0283695760145,15,0.00727973154175
0.0265540359935,15,0.00672146320543
0.0283957381463,15,0.00657453835117
0.0284404562543,15,0.00733907561549
0.0264919842423,15,0.00734344083971
0.0284844068015,15,0.00658210119743
0.0264472724798,15,0.00704166560713
0.0264068766764,15,0.00705827766973
0.0285439832613,15,0.00596449700098
0.0263576871251,15,0.00706920383155
0.0274653058141,16,0.00675117049721
0.0275022468537,16,0.00648157265571
0.0274167350726,16,0.0075590203071
0.0275319445562,16,0.00691732278068
0.0275515747202,16,0.00659075208487
0.0273731395176,16,0.00709693887579
0.0275875197472,16,0.00827446056572
0.0273256886689,16,0.00671248436881
0.0273000421833,16,0.00759124844041
0.0276438405682,16,0.00696809080927
0.0272360033201,16,0.0076400259767
0.0277072674622,16,0.00722396748289
0.0271985066698,16,0.00751962898875
0.0277425186773,16,0.0097872653276
0.0277572192435,16,0.00767736109786
0.0271462576036,16,0.00754324832932
0.0278247570182,16,0.00656607697342
0.0271130547524,16,0.00730292229679
0.0278388809287,16,0.00629659919746
0.0278664776035,16,0.00695440075633
0.0270638770251,16,0.00742219953945
0.0270459123982,16,0.00622093102598
0.0279087066141,16,0.00650259991498
0.0270115090668,16,0.00746354089391
0.0279401375622,16,0.00718145638084
0.0280017201482,16,0.00649228119157
0.0269374613523,16,0.00729928488123
0.0280148003794,16,0.00682996551726
0.0269107385472,16,0.00698621914622
0.0268973061754,16,0.00680846656253
0.028050410114,16,0.00668714349747
0.026849325508,16,0.00726047403875
0.0280954621809,16,0.00719464896729
0.0268115284566,16,0.00664732207856
0.0281563461469,16,0.00682428765095
0.0281855245562,16,0.00784374706062
0.0281984466186,16,0.00630975411524
0.0267298291888,16,0.00711010362812
0.0267009414391,16,0.00741399218138
0.0283056014445,16,0.00807340382162
0.0266245814752,16,0.00754309079187
0.0283176182536,16,0.00736391435581
0.0265988234566,16,0.00627321049226
0.0283565614535,16,0.00647244197939
0.026575008583,16,0.00651169105997
0.0265507251386,16,0.00598695514371
0.0283986331751,16,0.0067163082972
0.0265050263453,16,0.00663319914212
0.0284362540293,16,0.00675588550169
0.0264862606767,16,0.00796751834759
0.0264458381116,16,0.00665292441601
0.0284994536758,16,0.00739018462235
0.026408868591,16,0.00775061870487
0.0285349046698,16,0.00701863879059
0.026385919336,16,0.00854767544511
0.0285683826782,16,0.00637401618723
0.02747499729,17,0.00631836695961
0.0275063238174,17,0.0076338466893
0.0274125568534,17,0.00702040556233
0.0275568357897,17,0.00694435896161
0.0273765745257,17,0.00665620001417
0.0273515327883,17,0.0085257488404
0.0276217765385,17,0.0066068416362
0.0272898701373,17,0.00631195868931
0.0276781658678,17,0.00687486880107
0.0272521237276,17,0.00754121086688
0.02769589009,17,0.00678934972084
0.0272069155615,17,0.00791514611976
0.0277505044318,17,0.00706128027601
0.027773696637,17,0.0063143575266
0.0271567232705,17,0.00683517345963
0.0271266638311,17,0.00620246004557
0.0278164911346,17,0.00751902223206
0.0278383072785,17,0.00728318091489
0.0278761512226,17,0.0073331599998
0.0270625396223,17,0.00734007917206
0.0278894930338,17,0.00655917303346
0.0270457459165,17,0.00731672519027
0.0279345151507,17,0.00770208848549
0.0270029816299,17,0.00602630850436
0.0269848804839,17,0.00729074762707
0.0279644107558,17,0.00698035543187
0.0269431218881,17,0.00685969037739
0.0280214168474,17,0.00709198761099
0.0269143283201,17,0.00763811105597
0.0280665858272,17,0.00699923320649
0.0268636658888,17,0.00702884576828
0.0281132015079,17,0.00731425680857
0.0268065660138,17,0.00648491796979
0.0267647701136,17,0.0075490633762
0.0281794495772,17,0.00677771688196
0.0267373457344,17,0.00772790507691
0.0282082778097,17,0.0097991592909
0.0267144997416,17,0.00674244740279
0.0282366634478,17,0.00733156757473
0.0266803091917,17,0.00658356114421
0.0266439331421,17,0.00750701582175
0.0282969550696,17,0.00731655176981
0.0283396842974,17,0.00701293678453
0.0265762268774,17,0.00617912696915
0.0283788447193,17,0.0063670557428
0.0283975577385,17,0.00653868257776
0.026534326114,17,0.00685178949359
0.0284385997444,17,0.00817757674447
0.0264863402133,17,0.00726915526823
0.0284763563511,17,0.0071167990042
0.0264404775879,17,0.00615478830729
0.0285109216386,17,0.0064729336515
0.0264232606328,17,0.00749668896672
0.0285595477366,17,0.00686434755128
0.0263435032773,17,0.00654562868802
0.0274503703083,18,0.00704525211756
0.0274906888965,18,0.00657531159748
0.0274008119121,18,0.00732143609746
0.0275504482599,18,0.00665917394055
0.027577914533,18,0.00718002179905
0.0273547398287,18,0.00621337490752
0.0276198668745,18,0.00666823218399
0.027311755988,18,0.00813947227556
0.0276618086861,18,0.00614019086348
0.0272553588995,18,0.00660112511886
0.0272243376993,18,0.00671641119196
0.0277237795099,18,0.00673372657858
0.0271932313901,18,0.00685113524676
0.0277647720957,18,0.007204966422
0.027152165465,18,0.0061819806694
0.0271325795806,18,0.0069009835718
0.0278120503719,18,0.00690514703802
0.0278196463171,18,0.00673551311989
0.0278545898854,18,0.0084071984396
0.0270833672189,18,0.0098724562937
0.027890149956,18,0.00743243133777
0.0270402169854,18,0.00719932832984
0.0269981426788,18,0.00618764199793
0.027948481357,18,0.00669391838297
0.0269353632539,18,0.0101379545909
0.0280144035803,18,0.00672473886791
0.0280182658122,18,0.00700819118458
0.0269050447732,18,0.00704318362414
0.0280452368362,18,0.00706096552892
0.0268745719566,18,0.00749711385826
0.0268353896706,18,0.00687555540279
0.0268108679424,18,0.00654144608072
0.0281307540965,18,0.00669937951137
0.0281440673074,18,0.00781681442961
0.0267686778353,18,0.00687392581229
0.0282021367586,18,0.00791728044593
0.0267340871896,18,0.00720842709995
0.026689039787,18,0.00625099825958
0.0282632981236,18,0.00689302887651
0.0282863166345,18,0.00733119846103
0.0266324430075,18,0.00876571777424
0.0283161337295,18,0.0106412732618
0.0266024495814,18,0.0073571415417
0.0283410289232,18,0.00717825844566
0.0265889180756,18,0.00636005319344
0.0283678606943,18,0.00772844713912
0.0265395244214,18,0.00706371776951
0.0284007828765,18,0.00674683936941
0.0284362281925,18,0.00631374608099
0.0264833182903,18,0.00602348947731
0.0284683198492,18,0.00664606130715
0.0264670007462,18,0.0114962664789
0.028497055713,18,0.00640832660379
0.0264337321903,18,0.0068130114019
0.0274820619017,19,0.00713515304083
0.0274379678325,19,0.00745089854554
0.0275175780119,19,0.00683439714364
0.0275280964054,19,0.00665166781947
0.0273925075928,19,0.00630323463027
0.0273456976689,19,0.00659938158124
0.0275968805921,19,0.00685163772992
0.0273133093001,19,0.00648357643519
0.0276285290502,19,0.0071710254915
0.0276433768826,19,0.00836815538678
0.0272840423355,19,0.00664961156831
0.0276720326683,19,0.00724261031609
0.0272371158596,19,0.00684650477033
0.0272094613486,19,0.00725395168043
0.0277546519865,19,0.00641908974943
0.0271631342333,19,0.00673502466638
0.0277965320984,19,0.00712028100703
0.0271327704215,19,0.00685955134734
0.0278523601819,19,0.00721111661867
0.0270796075225,19,0.00787480422176
0.0278682903185,19,0.00698858831885
0.0278912527553,19,0.0072903205285
0.0270411979992,19,0.00692499550066
0.0270189535961,19,0.00652664201616
0.0279304484147,19,0.00663914986712
0.0270061728335,19,0.0067906952488
0.0279605970146,19,0.00623343369532
0.0269497642658,19,0.00634650376735
0.0280078541148,19,0.00677703511421
0.0269217020243,19,0.00673725665276
0.0280345338638,19,0.00704617423246
0.0268956910005,19,0.00692212871755
0.0280794679093,19,0.00752689470276
0.0268539482966,19,0.00712443433259
0.0281249656469,19,0.00696397897316
0.0267956363253,19,0.00771936618892
0.0281746715836,19,0.00678092399324
0.0281912829272,19,0.00748855427186
0.0267349854748,19,0.00701632879452
0.0267152134708,19,0.0074125802898
0.0282613890861,19,0.00741661544412
0.0266587902263,19,0.00650288157208
0.0283159633047,19,0.0075411153916
0.0266119908571,19,0.00650382807004
0.0283295396936,19,0.00732793143184
0.0265874409717,19,0.00681089697541
0.0283821707929,19,0.00676410669641
0.0265281668593,19,0.00663234320581
0.028416207403,19,0.00701728504152
0.028434176522,19,0.00736065714206
0.0264521373442,19,0.0100830045108
0.0284970427701,19,0.00697232763474
0.0264390585545,19,0.0067534731176
0.0285319907884,19,0.00758431452819
0.0264008041605,19,0.00633888999265
0.0274413893714,20,0.00648232803762
0.0275027241915,20,0.00771134657862
0.0273980484074,20,0.00692627908608
0.0275500436031,20,0.0065358588436
0.0273826234688,20,0.00635196820973
0.0275801590595,20,0.00730994828291
0.0273567575563,20,0.00684398625288
0.0276176991483,20,0.00693608282651
0.0273082515539,20,0.0065296727241
0.0276424389167,20,0.00643802255766
0.02769897585,20,0.00655021430314
0.0272333690754,20,0.00648391281586
0.0277366084377,20,0.00634912576319
0.0271985895648,20,0.00662411414204
0.0277513056281,20,0.00708137418746
0.0271781934655,20,0.00728210857299
0.0277868984817,20,0.00711581809006
0.0271243158262,20,0.006257267868
0.0271086464991,20,0.00789242694981
0.0278551194804,20,0.00749570363086
0.0270696063332,20,0.00705787571933
0.0278970673719,20,0.00683399479343
0.0279099251577,20,0.00756167471257
0.0270244915286,20,0.00639067563434
0.027950370196,20,0.00635101321944
0.0269877927477,20,0.00825303716516
0.0279767715714,20,0.0078543037369
0.0269513735917,20,0.00715899122224
0.0280378696127,20,0.00663735557405
0.0280444811114,20,0.00660759665693
0.0268809646282,20,0.00691743867726
0.0268741662496,20,0.00688681684232
0.0268390154421,20,0.00692281509337
0.0281096915827,20,0.00651886375396
0.0281408360384,20,0.00640123165205
0.028171335496,20,0.00670776875438
0.0267644769808,20,0.0064834421476
0.026745335585,20,0.00803678526644
0.0267065912435,20,0.00671998670813
0.0282455243586,20,0.00650532211677
0.0266831308865,20,0.00663649476141
0.0282657915673,20,0.00688566561934
0.0283014430768,20,0.00728229245939
0.0266279095103,20,0.00635097549429
0.0283512317129,20,0.00654511604944
0.0265806089332,20,0.00822933532782
0.0265467877352,20,0.00712709350832
0.0283940899394,20,0.00719138049804
0.0284331567864,20,0.00785994957988
0.0264856762293,20,0.00745028432484
0.0284624119642,20,0.00681406190044
0.0284872289387,20,0.0071177681654
0.0264483726123,20,0.00949937441036
0.0285337585716,20,0.00740544849646
0.0263987621594,20,0.00728693828947
0.0274878329617,21,0.00734839093029
0.0274454192084,21,0.00686199837134
0.0275125250833,21,0.00709608343887
0.0273877291917,21,0.00610405523838
0.0275611359819,21,0.00709745860721
0.0273555799262,21,0.00702147876804
0.0276242757663,21,0.00660956565975
0.0276376940832,21,0.00629301801266
0.0272968513904,21,0.00752098147228
0.0272642957387,21,0.00663914028735
0.027693932112,21,0.00658018940197
0.0272398139348,21,0.00795905731388
0.0277328825388,21,0.00693986771556
0.0271934176497,21,0.00751075949061
0.0277717302139,21,0.00680736850444
0.0271594580335,21,0.00926834734583
0.0277808666398,21,0.0072696573148
0.0270930745703,21,0.00701933245058
0.0278576275163,21,0.00657471049013
0.0270768582592,21,0.00653328234919
0.0278887010669,21,0.0069287722125
0.0270368356319,21,0.00702785153762
0.0279156851575,21,0.00683863723127
0.0269829059769,21,0.00665820034955
0.0279680502603,21,0.00725220413733
0.026959641186,21,0.00739659619599
0.0279981354288,21,0.00761111458693
0.0269328394829,21,0.00718013582565
0.0280214971152,21,0.00660915002611
0.0269173213824,21,0.00797273927913
0.0280668848674,21,0.00721736346723
0.0268560957683,21,0.00700356948653
0.028085873932,21,0.00728933069439
0.0268134832434,21,0.00651196944883
0.0281265039657,21,0.00714178946862
0.0267965873379,21,0.00794798207363
0.028156412304,21,0.00889458890181
0.0267461422466,21,0.00699859638989
0.0282116395384,21,0.00632924572004
0.026726696924,21,0.00731367849166
0.0282529501957,21,0.00673269245995
0.0266735842839,21,0.00748853693587
0.0266524492157,21,0.00673498299542
0.0283061320712,21,0.00688098642533
0.0266172643105,21,0.00744608100391
0.0283254856871,21,0.0073579246556
0.0265711760699,21,0.00658223936634
0.028369919842,21,0.00706051283125
0.0265457731921,21,0.00652371574675
0.0284291527569,21,0.00666414130373
0.0265072831902,21,0.00676163793509
0.0284545958715,21,0.00713873922976
0.0284801083221,21,0.00703101622215
0.0264247991459,21,0.00640077440046
0.0285155983941,21,0.0069017469619
0.0274532876523,22,0.00742704315277
0.0274885143899,22,0.00627662720613
0.0275152496097,22,0.00693800218293
0.0274036126908,22,0.00672026654591
0.0275602170572,22,0.00632255745926
0.0273757709585,22,0.00722564468369
0.0276060621743,22,0.00718482861998
0.0273216136946,22,0.00669690060974
0.0272847942488,22,0.00659294768482
0.0276649427542,22,0.00633892639931
0.0276926477729,22,0.00623516654367
0.0272361746203,22,0.00693755728589
0.0277486880271,22,0.00628017873413
0.027188570253,22,0.00783486373141
0.027761341043,22,0.00655846678577
0.0271561188225,22,0.00703500205359
0.027796561336,22,0.00695422863828
0.0271153129094,22,0.0072200666586
0.0270933898282,22,0.0064803902671
0.0278569084008,22,0.00737994137881
0.0278909221601,22,0.00613109205262
0.0270435140152,22,0.00749727392828
0.0270223805035,22,0.00905630728535
0.0279504368581,22,0.00644573477442
0.0269757896416,22,0.00745981722957
0.0269588753379,22,0.00693450625994
0.0280117953893,22,0.00678263419048
0.0269168653577,22,0.00683837698459
0.0280508778627,22,0.00683127532949
0.0280786762953,22,0.00788238060547
0.0268591647464,22,0.00662583763792
0.0268571091738,22,0.00779827905695
0.0280969507378,22,0.00823172061348
0.0281223637314,22,0.00656506793243
0.0267968628531,22,0.00758217341106
0.0281596093325,22,0.00650946782843
0.0281940387735,22,0.00638328766553
0.026731488793,22,0.00681084982178
0.02669841965,22,0.00695073778432
0.0266723466864,22,0.00620005351846
0.0282818099189,22,0.00643123565901
0.0266381513507,22,0.00682417453282
0.0283124908293,22,0.00689596438681
0.0266189743842,22,0.00706847671059
0.0283379468262,22,0.00859547423299
0.0283662696335,22,0.00675829991562
0.0283968600371,22,0.00643913644102
0.0265415235059,22,0.00667535031892
0.0264992701667,22,0.00800774394989
0.0284481004525,22,0.00680309302001
0.0264630773541,22,0.00706605195904
0.028481793634,22,0.00675961855623
0.026439983384,22,0.00648128085902
0.0264111954012,22,0.00722249766253
0.0285362187416,22,0.00659377602828
0.0274390779798,23,0.00657112062766
0.0275068254901,23,0.00691100783011
0.0273973715962,23,0.00658549886626
0.0275532325132,23,0.00639377837199
0.0273785221818,23,0.00751451560297
0.0275795118305,23,0.00702409564774
0.0273500514934,23,0.00726934092567
0.0276396391007,23,0.00786864527112
0.0272876552719,23,0.00683498384023
0.0272643348035,23,0.00663743377791
0.0276783977811,23,0.00666419881421
0.027234795064,23,0.00648254497542
0.027709403969,23,0.0061878312818
0.0272109212671,23,0.00846585508526
0.0271867775323,23,0.0075530689893
0.0277574713546,23,0.00698082434854
0.027798223249,23,0.00846239848295
0.0271329781045,23,0.0059837431786
0.0278138732017,23,0.006941310088
0.0278486596262,23,0.00635521961723
0.0270576546176,23,0.00607625708899
0.027898414853,23,0.00631142229568
0.0270283425224,23,0.00644147082487
0.0279546220476,23,0.00686928632072
0.0269837200786,23,0.00680955911882
0.0279769562947,23,0.00797154735458
0.0269401401204,23,0.00721538476102
0.0269241200209,23,0.00824595598209
0.0280291595279,23,0.0067886636034
0.0268920812682,23,0.00741207637025
0.0280472004775,23,0.00683786080502
0.0268557282674,23,0.00649195050985
0.0280944661013,23,0.0065079477965
0.0281368512879,23,0.00636184965142
0.0267854436825,23,0.0069892088215
0.0281973537965,23,0.00615233576941
0.0267394525452,23,0.00782618440412
0.0282707032897,23,0.0066420684375
0.0266682571503,23,0.00695994782273
0.0266544882481,23,0.00685290837268
0.0283113249927,23,0.00631493396711
0.0283296527715,23,0.00779533686058
0.026602713702,23,0.00784535690334
0.0283537122406,23,0.00670443821315
0.0265723559812,23,0.0074495424455
0.0265243643289,23,0.00686220361125
0.0284191821008,23,0.00634407430112
0.0264887752848,23,0.00704337887092
0.028466657801,23,0.00742112045078
0.0264575495112,23,0.00619885648097
0.0264077766215,23,0.00769879149341
0.0274575606192,24,0.00685362851773
0.0274830147719,24,0.00693048767154
0.0274358233689,24,0.00757183250656
0.0275255149016,24,0.00778354180886
0.0273878782027,24,0.00805466729063
0.0275539257241,24,0.00695344853943
0.0273655644225,24,0.00739295034518
0.027601938428,24,0.00613041780821
0.0273226269847,24,0.0072082214399
0.0276528152102,24,0.00742805320835
0.0272805659567,24,0.00665039237367
0.0272488126701,24,0.00719081891765
0.0272343812932,24,0.00634384315184
0.0277065951259,24,0.00695000890493
0.027752154006,24,0.00685838234816
0.0271829890453,24,0.00660688710217
0.0277703815989,24,0.00804847311608
0.0271490962983,24,0.00694927564617
0.0271220439856,24,0.00911387574124
0.0278340676998,24,0.00640634148137
0.0278592264343,24,0.00758578932615
0.0270703168794,24,0.0099200028799
0.0278989415301,24,0.00759706433256
0.0270370306871,24,0.00675129415187
0.0279260446809,24,0.00669046318765
0.0269939590955,24,0.00683061021598
0.0279644443582,24,0.00634751496946
0.0269645444167,24,0.00697114969612
0.0280013306976,24,0.00717261600504
0.0269153873922,24,0.00787694053501
0.0280342842711,24,0.00903128200455
0.0268684461952,24,0.0106145485054
0.0280854680119,24,0.00666094181885
0.0281106041649,24,0.00671575888247
0.0268118468452,24,0.00627731352846
0.0281351918341,24,0.00642540668751
0.0267679453082,24,0.00648520766527
0.0281869787828,24,0.00797047145448
0.0267475992268,24,0.00883307987506
0.0282299775881,24,0.00632583062632
0.0282519328951,24,0.00615087353738
0.0266797841106,24,0.00659366577728
0.026656998648,24,0.00663830916651
0.0282979925643,24,0.00648572030066
0.028317176975,24,0.00794715928941
0.0266007184857,24,0.00738882123761
0.0283454375895,24,0.00677857173814
0.0283988033324,24,0.00686184354266
0.0265360958825,24,0.00680777643821
0.0284366368819,24,0.00656968554755
0.02648474786,24,0.0066977691551
0.0284671872436,24,0.00631838498991
0.0264610637371,24,0.00700761723695
0.02849157512,24,0.00651648985848
0.0264351608687,24,0.00703563544014
0.0274578473143,25,0.00660355021434
0.0274902733871,25,0.00646152893379
0.0274429886034,25,0.00783450533375
0.0275513600912,25,0.00625767220261
0.0273789905644,25,0.00783020270972
0.0275707338359,25,0.00700845279781
0.0273289643835,25,0.00748859220896
0.0276305840751,25,0.00784463354967
0.0272686533126,25,0.00678779392114
0.0276811469152,25,0.00810994178344
0.0272454936184,25,0.00647163249543
0.0272001055095,25,0.00732145588808
0.0277476083985,25,0.00667083487189
0.02718075967,25,0.0081746518682
0.0277715145526,25,0.00643009544836
0.0271406063354,25,0.00742021707392
0.0271290718629,25,0.00871337453514
0.0278381427748,25,0.0067033968689
0.0278655391978,25,0.00628690258888
0.0270616433922,25,0.00756164847633
0.0270408671179,25,0.00654822856057
0.0279094097465,25,0.0066196410168
0.0270102211413,25,0.0078173107462
0.0279423520834,25,0.0063975375449
0.0269781573358,25,0.00732998704937
0.02796806696,25,0.00768684871775
0.0269423501104,25,0.00872886436474
0.0280039676224,25,0.00721209386721
0.0268925344556,25,0.00724902132222
0.0268604212068,25,0.00984481469393
0.0280847880113,25,0.00624435337471
0.0281016225982,25,0.00722672286582
0.0281344517166,25,0.00699057178905
0.0267974263133,25,0.00790024866786
0.0267566019419,25,0.00681914843763
0.0281961779961,25,0.00893509278669
0.0282107213963,25,0.00760311087336
0.0267150584924,25,0.00680478071544
0.028248872666,25,0.00697433871996
0.0266890649198,25,0.00722578999972
0.0282716620197,25,0.00659195786854
0.0266630781808,25,0.00701554610023
0.0283163055549,25,0.00759503467016
0.0266027701709,25,0.00731054345214
0.0283655649124,25,0.00798454146375
0.0265677751159,25,0.00638398033583
0.0283835152912,25,0.00702246762759
0.0265206964155,25,0.00693430966598
0.02844050236,25,0.00655090534657
0.0264836583472,25,0.00673090210298
0.0284643363513,25,0.00736417272408
0.0264388402044,25,0.00776074098353
0.0285056212615,25,0.00697452240485
0.0264061035112,25,0.00728116257627
0.0274655885851,26,0.00974192845912
0.0274813561601,26,0.00736757153094
0.0274244951674,26,0.00793313256657
0.0275179091907,26,0.00637269673035
0.0273827914554,26,0.00670918441974
0.0275693517465,26,0.00810771403542
0.0275961731746,26,0.0077157296499
0.0276346358955,26,0.00691161581159
0.0272980474944,26,0.00689260720464
0.0272734217188,26,0.00768886480022
0.027678076193,26,0.00780022967659
0.027259899289,26,0.00646132719507
0.0272107096783,26,0.00735156496818
0.0277292354992,26,0.00663102594276
0.0277747872583,26,0.00697517629213
0.0271608034142,26,0.0075197023571
0.0271546285293,26,0.00806301295494
0.0277900849478,26,0.00635552040645
0.0278256375414,26,0.00724273163838
0.0271123772828,26,0.00641719681322
0.0278597692615,26,0.00604410866923
0.0270665190154,26,0.00735408753967
0.0279139851876,26,0.00738529022294
0.027007460569,26,0.00669436099357
0.0279468071592,26,0.00683687989491
0.0269779149634,26,0.00687580162739
0.027990563146,26,0.0074528279482
0.026946655908,26,0.00941770758024
0.0269216960035,26,0.00629359105609
0.0280573970904,26,0.00629523246335
0.0268796079675,26,0.00873810714868
0.0280887231102,26,0.00712927589732
0.0281171369569,26,0.0076218393518
0.0267897997966,26,0.00695336075775
0.0267780925489,26,0.00680495750328
0.0281673740182,26,0.00716511809448
0.0267258898192,26,0.00693455448631
0.0266999702143,26,0.00680889193493
0.0282487503813,26,0.00706595396532
0.026663159956,26,0.00689377404306
0.0282930339836,26,0.0070546894032
0.0283102422669,26,0.00731583320459
0.0265958530413,26,0.00614123355042
0.0283465443447,26,0.00684852014449
0.0265855133253,26,0.00890302889233
0.0283644276106,26,0.00815490343963
0.0284252778561,26,0.00719127943794
0.0265067462833,26,0.00652885916888
0.0284493295155,26,0.00734295004437
0.0264699864558,26,0.00656401953828
0.0284847185615,26,0.00762820009366
0.0264426949749,26,0.00703134408869
0.0285231235893,26,0.00733662476855
0.0263946423994,26,0.00720624501957
0.0274740930287,27,0.00663973274398
0.0274569270388,27,0.00619032440375
0.0274108774989,27,0.0086587459339
0.0275430559462,27,0.00749387140332
0.0273857806214,27,0.00785080552975
0.0275830081232,27,0.00742713760478
0.0273339143227,27,0.00657875251288
0.0276301706014,27,0.0068257328356
0.0272996938799,27,0.00693758775268
0.0276605017427,27,0.00702318755598
0.0272697103117,27,0.0070426570037
0.0272417213532,27,0.00650328609096
0.0277205661088,27,0.00636544715743
0.0272078539111,27,0.00781998620911
0.0277626604898,27,0.00648916672977
0.0277969343282,27,0.00647035112345
0.027128540899,27,0.00971697973689
0.0278290256673,27,0.00706123356336
0.0270855117623,27,0.00665324234834
0.0270727186283,27,0.00717546633932
0.0278775733881,27,0.00610897122551
0.0279320886104,27,0.00685384095301
0.0270030634453,27,0.00660049066214
0.0269740594198,27,0.00824239021482
0.0279891615952,27,0.00772294164232
0.0269348791353,27,0.0087366653865
0.0280337310119,27,0.00727925720585
0.0268842004232,27,0.00656867268366
0.028069288024,27,0.00783493903913
0.0268450533203,27,0.00651975268857
0.0281165327426,27,0.00895716632661
0.0268075029842,27,0.00806226402261
0.0281762551357,27,0.00705308826251
0.0267608774083,27,0.00751822409495
0.0282028461524,27,0.00706457946317
0.0266911007058,27,0.00771474717537
0.0266865202675,27,0.00709618309622
0.0282650815233,27,0.0067857719208
0.0282835664843,27,0.00599674850555
0.0266358324555,27,0.007925384729
0.0283366996455,27,0.00685463323766
0.0265999750003,27,0.00668276854963
0.0265692275113,27,0.00701045565564
0.028380335676,27,0.0072709686222
0.026515629124,27,0.00733125902243
0.0284277233405,27,0.00693795722145
0.0265065645137,27,0.00643627462917
0.0284607635061,27,0.00734854322308
0.0264707735365,27,0.00655766708527
0.0284798370488,27,0.00710391712954
0.0264329927582,27,0.00820424098894
0.0263956992931,27,0.00826605465322
0.0285660140166,27,0.00678829510291
0.0274714807197,28,0.00770676761775
0.0274970472915,28,0.00742381959805
0.0274245563359,28,0.00639559970457
0.0275533212787,28,0.00634719563045
0.0273752715141,28,0.00752625898719
0.0273512679741,28,0.00642157565862
0.0276087028896,28,0.00680639380194
0.0273210367224,28,0.00697391080558
0.0276416750962,28,0.0064573340885
0.027283921328,28,0.00779081528286
0.0276568332751,28,0.00639965511531
0.0276859972944,28,0.00682056757242
0.0272247619891,28,0.00691770532631
0.0277400474131,28,0.00735878370785
0.0271828389774,28,0.00686788754409
0.0277609685672,28,0.0075314599179
0.027141384813,28,0.00668073339113
0.0271236180952,28,0.00694593740356
0.0278165979726,28,0.00743898602033
0.0278282058957,28,0.00818492073101
0.0270487352615,28,0.00707058685737
0.0270335260293,28,0.00592713153721
0.0279130062609,28,0.00891088428427
0.0279335829411,28,0.0107882372321
0.0279665675795,28,0.00717720525568
0.0269706913119,28,0.00723262094825
0.0269609004571,28,0.00686521384955
0.0269204635847,28,0.00758196501835
0.0280324815377,28,0.00839068588424
0.0268840653755,28,0.00643552446834
0.028057777067,28,0.00638333739862
0.0281036554615,28,0.00728188890598
0.0268100185269,28,0.00738466701866
0.0281505172746,28,0.00770399953132
0.0267626775224,28,0.00693743353966
0.0281997040429,28,0.00768239109208
0.026722273941,28,0.00883301294214
0.0282489594177,28,0.00662126953944
0.0266791679492,28,0.00664673986565
0.0282680101899,28,0.00668844937305
0.0266455045022,28,0.00658898275657
0.0283026920954,28,0.0063595537204
0.0266214125882,28,0.00672425173636
0.0283469591268,28,0.00725197999604
0.0265529021459,28,0.00681434874564
0.0283902924197,28,0.00702220708812
0.0265208231557,28,0.00763297095029
0.0284308196633,28,0.00645822982701
0.0264909695886,28,0.00792181382677
0.0284588414751,28,0.00738715421662
0.0264507047843,28,0.00649830025494
0.0285076704709,28,0.00611129868005
0.0264144016057,28,0.00656263929995
0.0285555072128,28,0.00699306350799
0.0274647102783,29,0.00621385512282
0.027502123138,29,0.00617503223506
0.027420027842,29,0.00713765649793
0.0275333233742,29,0.00645202733769
0.0273969032577,29,0.00679012875142
0.0273503927855,29,0.00702973440141
0.0276002155444,29,0.00680809530778
0.0273139124097,29,0.00674943233965
0.0276270706011,29,0.00710491312891
0.0276586647117,29,0.00627663860245
0.0272669491098,29,0.0065192782027
0.0277007441721,29,0.00626082855326
0.0272165686784,29,0.00662030095872
0.0277388967302,29,0.00733562725509
0.0271905229057,29,0.00641497754011
0.0277611202962,29,0.00686613762752
0.0271588075865,29,0.00930489104263
0.0278126402281,29,0.00690257411585
0.0270952700103,29,0.00719225840906
0.0270652899499,29,0.00662571950066
0.0278945258945,29,0.00817186869529
0.027915338727,29,0.00660876667182
0.0270121531302,29,0.0070092135058
0.0269815047234,29,0.00688583147568
0.027966220557,29,0.00687127840365
0.0279938339282,29,0.0079891921896
0.0269440782506,29,0.00673789855987
0.028027857592,29,0.00714899836655
0.0268837302142,29,0.00697800467982
0.0268437998491,29,0.00607524837085
0.0281037422054,29,0.00691966536926
0.0281432273718,29,0.00670655039735
0.0267857514167,29,0.0064491223746
0.0281800923996,29,0.00647069166119
0.0267389163681,29,0.00690659188135
0.0282066082179,29,0.00591844140117
0.0267224971493,29,0.00724073125938
0.0266880013438,29,0.00651915215093
0.0282650208098,29,0.00682700730892
0.0266464328106,29,0.00673026099471
0.0283159626403,29,0.00690655710636
0.0266111964759,29,0.00738467916052
0.0283511321431,29,0.00630085586695
0.0265707542118,29,0.00733204287198
0.0283828317645,29,0.00810012063143
0.0265331815613,29,0.00703959042144
0.0284435069371,29,0.00696816818208
0.0264838439595,29,0.00693346339474
0.0284843326645,29,0.00711484327061
0.0264544770665,29,0.00699294139905
0.0274899771316,30,0.00758814723956
0.0274479436506,30,0.0069158044888
0.0274079986997,30,0.00685884334529
0.0275343853565,30,0.00673304201905
0.0273847878411,30,0.00689605186658
0.0275648581951,30,0.00646143643175
0.0273413620764,30,0.00666767817303
0.027599405289,30,0.00794701353998
0.0273246956419,30,0.00618093355558
0.0276550276086,30,0.00850905520035
0.0276755434703,30,0.00614002840451
0.0272411026364,30,0.00767636160696
0.0272328677682,30,0.00662050223972
0.0277168309264,30,0.00647917862158
0.0277492713291,30,0.00686754437059
0.0271826573704,30,0.00873410015369
0.0271361735063,30,0.00672582799989
0.0278075664418,30,0.00662950899812
0.0271113804574,30,0.00732179253046
0.0278285489959,30,0.00793192175631
0.0270917015642,30,0.00863762688572
0.0270574934693,30,0.00648650186417
0.0278839992979,30,0.00780134699338
0.0279149049308,30,0.00769878860986
0.0279404036821,30,0.0076887113961
0.0269976182592,30,0.0065507150052
0.026970143199,30,0.00695597349866
0.0280121259898,30,0.00647336075174
0.0268944311387,30,0.00627364739843
0.0268832958016,30,0.00633959830865
0.0280574612384,30,0.00748676476793
0.0281244999809,30,0.00629314973613
0.0268128983095,30,0.00668417775294
0.0268014458356,30,0.00790017668261
0.0281557061236,30,0.00861308788955
0.0267607501857,30,0.00749018569185
0.0267314667929,30,0.00722505698383
0.0282181749366,30,0.00883513170187
0.0282471599769,30,0.00629189473747
0.0266842799671,30,0.00656257759934
0.0266410738054,30,0.00719439793483
0.0282999049456,30,0.00702644514213
0.0283259767795,30,0.00723440847551
0.0265828444442,30,0.00657929472196
0.0283877777947,30,0.00613874242539
0.026543548593,30,0.0074808001854
0.0265285300851,30,0.00614241935616
0.0284251123979,30,0.00708121650488
0.0284364780738,30,0.00659626759329
0.0264739595035,30,0.00636246314102
0.0284793338458,30,0.00670492825354
0.0264360499684,30,0.00767978886704
0.0285271620483,30,0.00645468619506
0.0264104107225,30,0.00698942376314
0.0285482392971,30,0.00692935300952
0.0274697879443,31,0.00678131396563
0.027428180792,31,0.00640700746442
0.0275129356981,31,0.0078415276439
0.0275463839474,31,0.00710177542914
0.0273804830253,31,0.00815037405247
0.0275932383597,31,0.00801847048993
0.0273345076378,31,0.00808558519317
0.027620850696,31,0.00682503911389
0.0273167557351,31,0.00709691773331
0.0272805753403,31,0.00693033624338
0.0276976942868,31,0.00630245764766
0.0272393758477,31,0.00687119058403
0.0277082621675,31,0.00667558337755
0.0271953318929,31,0.0064288042358
0.0277542951726,31,0.00889954922079
0.0271642000456,31,0.00675828000393
0.02780045072,31,0.0073631919416
0.0278164570074,31,0.00661222636159
0.0271074674986,31,0.00859264363155
0.0270955560597,31,0.00712894223091
0.0278697496071,31,0.00714549734545
0.0270626902858,31,0.00593169308333
0.0279114379872,31,0.00664062382873
0.0270271950974,31,0.0073786682226
0.0279377223139,31,0.00698279989279
0.026991528801,31,0.00755603402382
0.0279863226329,31,0.00681738438572
0.0269377124016,31,0.00727045831843
0.0280321950875,31,0.00660969142335
0.0269021913168,31,0.00770883097561
0.028057885433,31,0.00719049014908
0.0268779704293,31,0.0072698653023
0.0268258639847,31,0.00693939179772
0.0281175981466,31,0.00746196815652
0.0267909870288,31,0.00635367315723
0.0281722616207,31,0.00696891318799
0.0267591824329,31,0.00676441420302
0.0282089091879,31,0.00671229480951
0.0266840666834,31,0.00794949144511
0.0266760378527,31,0.00687683729158
0.0282641602195,31,0.00690225932523
0.0282760458022,31,0.00756409287959
0.0283219222388,31,0.00759922462572
0.0265950325642,31,0.00705734813721
0.0283496052054,31,0.00701442077192
0.0265691341272,31,0.00838288149855
0.0284047846382,31,0.00661139634649
0.0265249183065,31,0.00634811207323
0.0284143609287,31,0.00674809704664
0.0264899303875,31,0.00640020204169
0.0264667005161,31,0.00791010655475
0.028494591653,31,0.00671489217291
0.0285317743568,31,0.00705049304461
0.0264044258236,31,0.0060340157211
0.0263787262138,31,0.00849736611059
0.0274894385979,32,0.0076359780963
0.0274373081401,32,0.00661262426626
0.0275261120944,32,0.00723936227628
0.0275562284546,32,0.00678609365103
0.0273654231029,32,0.00742646374569
0.027341544145,32,0.0075273813232
0.0276000250547,32,0.00677024885844
0.0276268104091,32,0.00697190269329
0.0272897605461,32,0.00611135076832
0.0276594210158,32,0.00634470397844
0.0272577396648,32,0.00620971132625
0.0276845905861,32,0.00836413856426
0.0272401819611,32,0.00622463913809
0.0271971510227,32,0.00651243102365
0.0277806419896,32,0.0079034202184
0.0271573370537,32,0.00670637052324
0.0278011201902,32,0.00711887391855
0.0271338475387,32,0.00659736708111
0.0278613683373,32,0.00717614177388
0.0270704722151,32,0.00852991345557
0.0278865202417,32,0.0074206383998
0.0270312831864,32,0.00720296555112
0.0279108204623,32,0.00703786909663
0.0269919057402,32,0.00626713404019
0.0279581388514,32,0.00635413900923
0.0279743234517,32,0.00733840069958
0.0280093002332,32,0.00764027681081
0.0269177594147,32,0.00658336491294
0.0269001638406,32,0.00612338896142
0.0280525605307,32,0.00671186815791
0.0268725980131,32,0.00687850420485
0.0280822610209,32,0.00741506470437
0.0268092112241,32,0.00677605628905
0.0281412290637,32,0.00724492217502
0.0267743554023,32,0.00679204758358
0.0281735999204,32,0.00835702370489
0.0267514043883,32,0.00725287841378
0.0282145548135,32,0.00710928664772
0.0267187513858,32,0.00664070007339
0.0282531434981,32,0.00664181272272
0.0282826696939,32,0.00644873064807
0.0266555720373,32,0.00749769608879
0.0266427217331,32,0.00684674691566
0.0266180933004,32,0.00679053224739
0.0283667914978,32,0.00671520379774
0.0265623221592,32,0.00687324093346
0.0284063970038,32,0.00769179311139
0.026519534592,32,0.00757544623936
0.0284356375851,32,0.00723478573382
0.0264876359699,32,0.00700460488779
0.0284713867794,32,0.00687460670653
0.0264648017911,32,0.00594247735226
0.0285128066914,32,0.0066348176637
0.0264088171626,32,0.00621965102918
0.027484682588,33,0.00649130942227
0.0275042017707,33,0.00740314525377
0.0274233340171,33,0.00760226409309
0.0275201141564,33,0.00720644121362
0.0273938477382,33,0.00685570921143
0.0273732072181,33,0.00768447260697
0.0275710814307,33,0.00682868196661
0.0275934564926,33,0.00691178413877
0.0273319260114,33,0.00655625486079
0.0272739555504,33,0.007574248156
0.0276859005395,33,0.0068097018154
0.0272412279649,33,0.00803288763593
0.0277071780947,33,0.00632270452927
0.0272164662616,33,0.00677860571022
0.0272006069997,33,0.00667328000343
0.0277432158963,33,0.00796651074158
0.0277653188924,33,0.00676091627312
0.0271383188269,33,0.0064715807716
0.0270982085179,33,0.00646814011042
0.0278489911727,33,0.00642792188609
0.0279014844314,33,0.00660050371595
0.0279288085249,33,0.00642508052709
0.0270085014137,33,0.00731756273043
0.0269814125623,33,0.00657471178225
0.027959183492,33,0.00669897812333
0.026955368207,33,0.0065679887113
0.0280070745023,33,0.00690811980712
0.0280189408261,33,0.00642563907819
0.0268881264853,33,0.00679283563282
0.0280700890653,33,0.00644223967041
0.0280869252963,33,0.00751629191875
0.0268318709712,33,0.00913616605025
0.0267798133608,33,0.00655610926049
0.0267755139958,33,0.00695687128428
0.028169734418,33,0.00796785500502
0.0281909880563,33,0.00644856866461
0.0282214686396,33,0.00706032551098
0.0267114173159,33,0.00697747637073
0.0266892978746,33,0.00644122513201
0.026628252452,33,0.00652759326087
0.0266135863323,33,0.00654083858145
0.0283269758546,33,0.00639234594629
0.026563405169,33,0.00653771329324
0.0283830510825,33,0.00701930426657
0.0265401990741,33,0.00693257160592
0.0284002257774,33,0.00669270936892
0.0284205475412,33,0.00775270551181
0.0265118936915,33,0.00660699722053
0.026468368467,33,0.00659810333622
0.0284892710368,33,0.00678899116552
0.0284949152062,33,0.00673517036547
0.0264402841368,33,0.00699624772414
0.0264252444293,33,0.00677741330444
0.0274864033826,34,0.00658677359727
0.0274336082801,34,0.00624326010557
0.0274259399772,34,0.00850511206488
0.0275177761222,34,0.0065665951974
0.0273757453865,34,0.0075143310673
0.0275649409279,34,0.00631713980018
0.027583601738,34,0.00768170575178
0.027335209606,34,0.00718864085098
0.0273259338729,34,0.00726777591358
0.0276357499533,34,0.00595264416926
0.0276798842109,34,0.00902373686969
0.0276928695056,34,0.00805467744171
0.027241370869,34,0.00693731189635
0.0272149480607,34,0.00787877861469
0.027748241832,34,0.00743823817762
0.0271645080686,34,0.00671201574854
0.0271448054001,34,0.00756684024212
0.0271088573136,34,0.00699938997605
0.0278483440369,34,0.00696657294158
0.0270692794525,34,0.00681902896474
0.0278931372402,34,0.00692163407834
0.0279165665784,34,0.00650947481309
0.0270207428883,34,0.00627987002914
0.0279501000158,34,0.0077344475272
0.0269786060508,34,0.0075089455104
0.0279887477001,34,0.00698546793906
0.0268982763039,34,0.00628521249846
0.0280499158977,34,0.00668578072982
0.0268727763182,34,0.00661940518599
0.0280713582143,34,0.00674514665075
0.0268218567953,34,0.0105705268939
0.0281306596931,34,0.00696403923087
0.0267977902074,34,0.0095625356429
0.0267649329526,34,0.00626392546
0.0281916859984,34,0.00678212873814
0.0282417472364,34,0.00733046232707
0.0266903850647,34,0.00612244011932
0.0282513066751,34,0.00597256552893
0.0266409934888,34,0.00716307200133
0.0266317064808,34,0.00774035276779
0.0283086034858,34,0.00660340246448
0.0283338862451,34,0.00654279314561
0.0265981157433,34,0.00738431306723
0.0283859854274,34,0.00635847959805
0.0265490378554,34,0.00639346781756
0.0284207355664,34,0.00630978061952
0.026507020344,34,0.0065904978576
0.026475151255,34,0.00676072182324
0.0284763344056,34,0.00634341678513
0.0264356960255,34,0.00730050859957
0.0264061366108,34,0.00738288829712
0.0285556731878,34,0.00663513593753
0.0263605973035,34,0.00710184230664
0.0285858351636,34,0.00669333650345
0.0286007197181,34,0.00651141129432
0.0274660907245,35,0.00677474741421
0.0275021461511,35,0.00678901581439
0.0274355473003,35,0.00829602597553
0.0275345624105,35,0.00681460902406
0.0273766506261,35,0.0072359070921
0.0275842321634,35,0.00683094580456
0.0276063924696,35,0.00675863914146
0.0273233103262,35,0.00772314759822
0.0272890628457,35,0.00641589753885
0.0276608376804,35,0.00752791797696
0.0272472808754,35,0.00735119249484
0.0276995311324,35,0.00697103408973
0.0277201620904,35,0.00644595108268
0.0272081541925,35,0.00662792197643
0.0271922095843,35,0.00720217235504
0.0277716307318,35,0.00696735693435
0.0271531363786,35,0.00641876886211
0.0278076896595,35,0.00688675216325
0.0271233618539,35,0.00681349582566
0.0278413303135,35,0.0065421982509
0.0270573787427,35,0.00701511014898
0.0278880378341,35,0.00615999724629
0.027046821102,35,0.00655215292595
0.0279092739523,35,0.00652965995409
0.0279330224276,35,0.00735666765268
0.026999368018,35,0.00654061991442
0.0279954644173,35,0.00682223798216
0.0269433689726,35,0.00699749312889
0.026913287029,35,0.00701081853256
0.0280277626878,35,0.00695564098229
0.0280609697952,35,0.00675531652271
0.026874482847,35,0.00718617479115
0.0268383807492,35,0.00693203450842
0.0281251525375,35,0.00631439226765
0.0267950201164,35,0.00733792797412
0.0281500744237,35,0.00746201051111
0.0267619995292,35,0.00879335585748
0.0267389777007,35,0.00631317715396
0.0282008025446,35,0.00735848399689
0.0282479549941,35,0.00707177814545
0.0266884508471,35,0.00765318734858
0.0282699030985,35,0.00691547828609
0.0266278077606,35,0.0081095082403
0.0283178801792,35,0.00671051800812
0.0265864692138,35,0.006205597702
0.0283547544129,35,0.00646024847033
0.0265553098708,35,0.00695484392066
0.0284166880839,35,0.00640023467066
0.026504431895,35,0.00704721787639
0.0284574764125,35,0.00666935041162
0.0284794407837,35,0.00796319980711
0.0264584512505,35,0.00639414243392
0.026442202425,35,0.0063098220676
0.028515503953,35,0.00688783307178
0.0263965783318,35,0.00658839958726
0.0263704097826,35,0.00668393079745
0.0274591056128,36,0.00757629722445
0.0274937028472,36,0.00738531030928
0.0274150111626,36,0.00678564103113
0.027527334887,36,0.00773964143331
0.0273860207225,36,0.00650168140464
0.027580054385,36,0.0159524279535
0.0273414698083,36,0.007973045393
0.0276102002514,36,0.00678423959105
0.0273131786412,36,0.00727697494013
0.0276522933315,36,0.00637600831115
0.0272805295256,36,0.0078022276665
0.0277128393163,36,0.00710669182781
0.0271906215001,36,0.00680416844846
0.0277506866522,36,0.00653448334646
0.0271624253392,36,0.00707426955655
0.0277775468262,36,0.00697374069744
0.0271317345819,36,0.0074142870276
0.0278396209047,36,0.00660940247648
0.0270969457125,36,0.00764113259006
0.0270459814156,36,0.00658452455642
0.0279039371301,36,0.00782733230185
0.0279204551853,36,0.00680286230216
0.0270049456196,36,0.00631645502868
0.0269569142998,36,0.00778566753028
0.0279863687171,36,0.00709102476275
0.0280299089813,36,0.00638340952313
0.0269037705605,36,0.00711492703388
0.0268634250793,36,0.00704879007441
0.028099342221,36,0.00749672008093
0.0268285584546,36,0.00658763921297
0.0281149244444,36,0.00737460835792
0.0281431991378,36,0.0065183344757
0.0267697162068,36,0.00738463554528
0.0267372145006,36,0.0075584692987
0.0282040235619,36,0.00706827830398
0.0267149383023,36,0.00634337599812
0.0282327876835,36,0.00864953942686
0.0282675316516,36,0.00691020452359
0.0266657127007,36,0.0064882924262
0.0266484142702,36,0.00609212784258
0.0283218562159,36,0.00685916082707
0.0283382532233,36,0.00695490456231
0.0265711060656,36,0.00605272245454
0.0283823229558,36,0.00745069793239
0.0265320306568,36,0.00682252551319
0.0284239849017,36,0.00628416415227
0.026496498508,36,0.00642865227833
0.0284522036493,36,0.00653793338437
0.0264515383303,36,0.00713992005752
0.0285154588324,36,0.00731735580802
0.0264201697567,36,0.00611867226616
0.0285478270911,36,0.00689232027787
0.0285736684168,36,0.00678717926853
0.0274717053657,37,0.00773179918963
0.0274373912727,37,0.00761947095794
0.0275107001485,37,0.00651671036278
0.0274014378029,37,0.00842543743283
0.0273891876782,37,0.00631290536986
0.0275791678649,37,0.00862929281089
0.0273272012321,37,0.00794886242496
0.0276223064238,37,0.00702780224669
0.0272844776636,37,0.00701522111491
0.0276569452944,37,0.00687296442071
0.027677134352,37,0.00635825003692
0.0272481055326,37,0.00688021876477
0.0272351420196,37,0.00625602871883
0.0277342647767,37,0.00805691970918
0.0277414383685,37,0.00685730582845
0.0271616619768,37,0.00776087167595
0.0278016895926,37,0.00687392446999
0.0271269213934,37,0.00814640198205
0.0278403911633,37,0.00615772319178
0.0270746237766,37,0.00669979391832
0.0278757342045,37,0.00716776636963
0.0278850887081,37,0.00737823101574
0.0270349243984,37,0.00679869171484
0.0279106985012,37,0.00644343161641
0.0269876899416,37,0.00687406218898
0.027961734664,37,0.00639354332724
0.0269558707214,37,0.00651724853265
0.028020678168,37,0.00659092420005
0.0269001952601,37,0.00710592222401
0.0280680365141,37,0.00821367049293
0.0280929834158,37,0.00720230102454
0.0268369771405,37,0.00760329843633
0.0281088268147,37,0.00780787004997
0.0268214706204,37,0.00632087771609
0.0267627808447,37,0.00730833535465
0.0281895433167,37,0.00685035799324
0.0267246152625,37,0.00754772394271
0.0267143976845,37,0.00746880558977
0.0282507777302,37,0.00645577201171
0.0266847068294,37,0.0064065746904
0.0282821672352,37,0.00769165345409
0.026640432256,37,0.00770383127571
0.0283118935513,37,0.00696840720431
0.0265991339601,37,0.00659221404176
0.0283434851066,37,0.00800008559306
0.0283689683446,37,0.00734453747899
0.0265403722453,37,0.00676170437835
0.0284101379552,37,0.00719009875908
0.0265108421055,37,0.0069205667882
0.0284554476654,37,0.00632283649641
0.0264627059726,37,0.00802578900963
0.0284874842708,37,0.00636855531401
0.0264198392998,37,0.0072411689109
0.0285444002013,37,0.00685136744335
0.0274937178443,38,0.0070671046268
0.0274330020948,38,0.00722747899561
0.0274023594954,38,0.00805406743847
0.0275389426414,38,0.00723843765619
0.0275623180326,38,0.00656342222806
0.0273705072773,38,0.00663743839225
0.0276091913313,38,0.00691459135031
0.0273003946542,38,0.0076895784759
0.0276469765677,38,0.00693860712015
0.027277698611,38,0.00720680063543
0.0272583328459,38,0.00994322729191
0.0277030563538,38,0.00690507628989
0.0271950638645,38,0.00737733242926
0.0277600055748,38,0.00712245198514
0.0277715820657,38,0.0065438831106
0.027152283198,38,0.00769128904426
0.027121983633,38,0.00694793459447
0.0278313286368,38,0.00666666167609
0.0270617519999,38,0.00674675798332
0.0270487896107,38,0.00661809682505
0.0278978622792,38,0.00678434696768
0.0279199148944,38,0.00725751151065
0.0269916633898,38,0.00651425123835
0.0279559692645,38,0.00727504054868
0.0269718525029,38,0.00704174806775
0.0279918314925,38,0.00641260205879
0.0269179576528,38,0.00607569231643
0.0280544583496,38,0.00787813942495
0.0268719517007,38,0.00636347749126
0.0281003304601,38,0.00750964056298
0.0268246838556,38,0.00671807473769
0.0281410755441,38,0.00685987847555
0.026762379671,38,0.00637301849004
0.0281901394404,38,0.00766888040149
0.0267386643894,38,0.00694959177827
0.0282118148751,38,0.00699273829203
0.0266935651076,38,0.00642243374359
0.0282475397787,38,0.00737110486422
0.0282769235428,38,0.00661869808606
0.0266572327027,38,0.00732683213576
0.028328454471,38,0.00661879332726
0.0266018521127,38,0.0064158416695
0.0283593984917,38,0.00691316676168
0.0265767989659,38,0.00694126685994
0.0283909035392,38,0.00671267708737
0.0265284159331,38,0.00791170107738
0.0284458493674,38,0.00681593381398
0.0264907464811,38,0.00782367580486
0.0284992597996,38,0.00649170817257
0.0264229747156,38,0.00783186839543
0.0285426733014,38,0.00662649212721
0.0263870128438,38,0.00816074660733
0.0285722900591,38,0.00661229335598
0.0274772772367,39,0.00657201632361
0.0274480724166,39,0.00647061013134
0.0275059804219,39,0.00768524146512
0.0274306555854,39,0.00635193991946
0.0275381014111,39,0.00748851571528
0.0273771469414,39,0.00606802418625
0.0276039999569,39,0.00659973004153
0.0273307909684,39,0.00655117223559
0.0276127274517,39,0.00722130230032
0.027309486734,39,0.00621962997821
0.027279717226,39,0.00679842387895
0.0276738509809,39,0.0069097261997
0.0276927258662,39,0.00689465894876
0.0272358966245,39,0.00664384385403
0.0271984993692,39,0.00667547919645
0.0277881268814,39,0.00639747887849
0.0271477158574,39,0.0100872605474
0.0277994755763,39,0.00723248073941
0.0271123926331,39,0.00640621670148
0.0278468583744,39,0.00677862110465
0.0270760524229,39,0.00659332202702
0.0270383714533,39,0.00644828484414
0.0279015181592,39,0.00682561160534
0.0270224795835,39,0.00690020380496
0.0279212745531,39,0.00648045874474
0.0269588044952,39,0.00753869728153
0.0279944646409,39,0.00624737913103
0.0269098990885,39,0.00633714728827
0.0280350092348,39,0.00696812287032
0.0268812660468,39,0.00762160140508
0.0280603814966,39,0.0067061515314
0.0280878173307,39,0.00630340912653
0.026835108974,39,0.00632731962212
0.0268178710791,39,0.00686183357192
0.0281339633848,39,0.00626256552006
0.0267560287365,39,0.0064964471575
0.0281884923438,39,0.00656083238083
0.0267504753155,39,0.00646877882587
0.0282323495861,39,0.00706504554755
0.0266971462767,39,0.00633683965517
0.0282484536522,39,0.00873112063073
0.0282722233725,39,0.00987602940099
0.026641192838,39,0.00814589570147
0.0283058956821,39,0.0061511073378
0.0265965384822,39,0.00617998732058
0.0283565317061,39,0.00652522984632
0.0265485910823,39,0.00733096165749
0.0284044932529,39,0.00759743223205
0.0265284653107,39,0.00797972061647
0.0284573135612,39,0.00649152886391
0.0284771256687,39,0.00687140312947
0.0264605317714,39,0.00721054518766
0.0285007931509,39,0.00678580853298
0.0264304799079,39,0.00675183586349
0.0274731318999,40,0.00633460713158
0.0274968117653,40,0.00694823249182
0.0274236343671,40,0.00691312806133
0.0273826032385,40,0.00849231916043
0.0275595891345,40,0.00639601039706
0.0275960415408,40,0.00678388952089
0.0273428753472,40,0.00740819604188
0.0272938319539,40,0.00811708816147
0.0276630226404,40,0.00652453820384
0.0272691158025,40,0.00806309592255
0.0276795697383,40,0.00722336064878
0.027236129263,40,0.00635534558187
0.0277039636724,40,0.00652662554155
0.0277292385726,40,0.00727266151025
0.0271813723283,40,0.00632507930873
0.0277698925215,40,0.00851486662851
0.0271553503562,40,0.00756140191358
0.0278104466236,40,0.0064686855523
0.0270992339568,40,0.00831441029122
0.0278522648055,40,0.00688927739631
0.0270550194402,40,0.00673094967181
0.027886671325,40,0.00627097822033
0.0270403679041,40,0.00671399558293
0.0279517086131,40,0.0093031904625
0.0269656644474,40,0.00720650183581
0.0269561563252,40,0.00733846826086
0.0279876791911,40,0.00704331158526
0.0280295830528,40,0.0073091283552
0.0280521707631,40,0.00641081943427
0.0268468312276,40,0.00680152297169
0.0281150221105,40,0.00803352509476
0.026822476636,40,0.00683885849833
0.0281350626565,40,0.00774573591477
0.0267882839863,40,0.00656084670062
0.0281745503212,40,0.00682382337467
0.0267508139151,40,0.00736684399391
0.0267192316916,40,0.00680849270231
0.0282289165344,40,0.0078360704681
0.0266897242562,40,0.0064757847359
0.0282557274559,40,0.00689619685232
0.0266480902831,40,0.00825863605086
0.0282982966449,40,0.00689949671302
0.0266162330208,40,0.00631803280357
0.0283272853027,40,0.00708348253106
0.0283526369706,40,0.00629733771152
0.0265405882951,40,0.0068187580778
0.0284111805324,40,0.00783263836503
0.0284327464336,40,0.00628931330996
0.0265046515564,40,0.00681156971587
0.0264795792396,40,0.00622600451457
0.028474256424,40,0.00791713975263
0.0264293536759,40,0.00694519918855
0.0285160798794,40,0.00725710555054
0.0263891966652,40,0.00686853952049
