x,y,psi_abs
1,1,0.0039656488359168405
1,2,0.023690815966644217
1,3,0.01378625571795152
1,4,0.004464971142713561
1,5,0.012457939485190484
1,6,0.0011971928292719035
1,7,0.0019722017419848896
1,8,0.008852605571678319
1,9,0.03442295340433841
1,10,0.012993621694786399
1,11,0.04345066038643097
1,12,0.017128928287084278
1,13,0.022497775075360958
1,14,0.0126054791637395
1,15,0.012090562732899483
1,16,0.0047072209302060145
1,17,0.0011744200815163716
1,18,0.0049989627561686555
1,19,0.010211396519198985
1,20,0.019962292004162035
1,21,0.0037828011168406957
1,22,0.0035104275332513515
1,23,0.031209644698307844
1,24,0.008289775545178802
1,25,0.038077310443285106
1,26,0.021619255985795137
1,27,0.011866932009029841
1,28,0.044162366504512336
1,29,0.0073349405509037496
1,30,0.02694234078188644
1,31,0.03932399289995595
1,32,0.01827246988158805
1,33,0.017221904564553855
1,34,0.021744858192710072
1,35,0.0284038912802767
1,36,0.02891051278636474
1,37,0.029686388460725296
1,38,0.01966702211634306
1,39,0.030643815325459046
1,40,0.0027912402364693905
1,41,0.0023364664179566347
1,42,0.010256092357125738
1,43,0.009821792671154232
1,44,0.007104428804146954
1,45,0.008662896200734118
1,46,0.006480549825023542
1,47,0.0016415235398440711
1,48,0.002673261175692383
1,49,0.012145363846388117
1,50,0.004015381711762084
2,1,0.023690815966643956
2,2,0.017751904553868412
2,3,0.028155787109357826
2,4,0.026244195203141977
2,5,0.005662163971985557
2,6,0.014430141227175475
2,7,0.010049798400950341
2,8,0.032450751662353616
2,9,0.004141016123108026
2,10,0.009027706982092537
2,11,0.004135306592297972
2,12,0.020952885311070178
2,13,0.004523449123344817
2,14,0.010407212342461562
2,15,0.00789825823353359
2,16,0.01326498281441561
2,17,0.00029174182596253956
2,18,0.009036976437682599
2,19,0.014963329247993493
2,20,0.006428595402358376
2,21,0.0164518644709108
2,22,0.02742684358146713
2,23,0.011800203078430094
2,24,0.006867665744977286
2,25,0.029909031530974045
2,26,0.026210378434255388
2,27,0.022543110518717095
2,28,0.019201872559933657
2,29,0.017220025722625945
2,30,0.03198905234905219
2,31,0.008669870900298382
2,32,0.022102088335402024
2,33,0.003472388311121887
2,34,0.045625795844830536
2,35,0.050655370979074736
2,36,0.0012824971804485294
2,37,0.009243490670021715
2,38,0.0009574268647338016
2,39,0.022458262352812296
2,40,0.03298028174341572
2,41,0.013047332593595067
2,42,0.007485326253197718
2,43,0.003151663552978746
2,44,0.018484688871888356
2,45,0.0006238789791234641
2,46,0.01030441974057832
2,47,0.00915381100071588
2,48,0.01378688738623221
2,49,0.006688642887454382
2,50,0.012145363846388108
3,1,0.013786255717951624
3,2,0.02815578710935765
3,3,0.03020984403905884
3,4,0.02935297993862994
3,5,0.02821639694512685
3,6,0.014514769543663935
3,7,0.01999281217716313
3,8,0.0029438232938359898
3,9,0.01099990872407739
3,10,0.012987912163976299
3,11,0.013470068093268324
3,12,0.008470172571441493
3,13,0.033043448043969595
3,14,0.009230670053550723
3,15,0.009232792260945415
3,16,0.012897220989702205
3,17,0.003053586295216586
3,18,0.019670550178199558
3,19,0.005254175320842067
3,20,0.011452901714742156
3,21,0.03763824010066632
3,22,0.00816208892573203
3,23,0.010650466861818067
3,24,0.03341945906422518
3,25,0.004999266264052498
3,26,0.014253334973538243
3,27,0.01887543788335154
3,28,0.004399230263169245
3,29,0.020122120340022205
3,30,0.035492495604214
3,31,0.014767147784498306
3,32,0.030414729093008314
3,33,0.0063018029448745575
3,34,0.03238290109748662
3,35,0.015939407384105313
3,36,0.030988348862731697
3,37,0.02936131814501067
3,38,0.006452250433552422
3,39,0.0032938932826903832
3,40,0.032714354709938026
3,41,0.023158489072261434
3,42,0.005942903789447981
3,43,0.016148222453931802
3,44,0.009632213378002113
3,45,0.02012621241173273
3,46,0.0020493821965688885
3,47,0.022449783586966487
3,48,0.013169192712477873
3,49,0.013786887386232235
3,50,0.0026732611756922985
4,1,0.004464971142713742
4,2,0.02624419520314191
4,3,0.02935297993862977
4,4,0.03218204578104372
4,5,0.03820558551030825
4,6,0.006206556459211708
4,7,0.001521147848877617
4,8,0.023457848209267867
4,9,0.01418510499324834
4,10,0.011497866351283558
4,11,0.00038243300023683394
4,12,0.0013795053603688646
4,13,0.0037629516412355547
4,14,0.0342178681254857
4,15,0.004231707297382167
4,16,0.019444188780144533
4,17,0.007065071014459905
4,18,0.006836387412057113
4,19,0.01616012264494834
4,20,0.03646382001914996
4,21,0.0031631261695633335
4,22,0.0004390703426187586
4,23,0.013457167060063054
4,24,0.0012164651472118002
4,25,0.010742907440287195
4,26,0.012334206814956243
4,27,0.012689005808348214
4,28,0.058199430783307346
4,29,0.013873239618418763
4,30,0.0029002157754683803
4,31,0.013747637411504024
4,32,0.01363674349577827
4,33,0.05932524187937301
4,34,0.023384585515850684
4,35,0.012715878981143675
4,36,0.04658322270956457
4,37,0.028197108626262454
4,38,0.03169778456296726
4,39,0.003803841923573193
4,40,0.006527899388463923
4,41,0.025609925905790882
4,42,0.014495592871527338
4,43,0.01242345361447133
4,44,0.017789745993776307
4,45,0.012305474553694415
4,46,0.03227157625812085
4,47,0.006064763908330814
4,48,0.022449783586966438
4,49,0.00915381100071583
4,50,0.0016415235398441962
5,1,0.012457939485190321
5,2,0.005662163971985744
5,3,0.02821639694512683
5,4,0.03820558551030814
5,5,0.0022409076232948865
5,6,0.025211963815522015
5,7,0.03724410392721936
5,8,0.01865007613596198
5,9,0.000960073133906879
5,10,0.0015796258295088916
5,11,0.0005926963816159283
5,12,0.005089653930442673
5,13,0.00020508527885282866
5,14,0.008761914397404265
5,15,0.024006471606286543
5,16,0.02419399930154424
5,17,0.01566138766330403
5,18,0.0035546434812087366
5,19,0.024373257286250876
5,20,0.00787034709976948
5,21,0.0016134904241351354
5,22,0.01845612981623172
5,23,0.011427861666411127
5,24,0.030705199444449355
5,25,0.008551405698115563
5,26,0.01619943334159933
5,27,0.026989786084999596
5,28,0.005583464073239804
5,29,0.04097752621875346
5,30,0.007871618574291207
5,31,0.025503675504808154
5,32,0.015162875374860664
5,33,0.01604964496494695
5,34,0.03965821976303004
5,35,0.0072592298096086395
5,36,0.009924638744674422
5,37,0.04891968912752119
5,38,0.017941016269136762
5,39,0.021875991891813
5,40,0.0033005868805739253
5,41,0.01519079558919798
5,42,0.032090475730814236
5,43,0.012854069331682802
5,44,0.015096714790163696
5,45,0.029935109840164387
5,46,0.01632085626545641
5,47,0.032271576258120827
5,48,0.0020493821965689154
5,49,0.010304419740578327
5,50,0.006480549825023675
6,1,0.0011971928292721194
6,2,0.014430141227175192
6,3,0.01451476954366404
6,4,0.006206556459211764
6,5,0.025211963815521918
6,6,0.04120975276313623
6,7,0.042340892102606456
6,8,0.01474632885185844
6,9,0.006044596972222548
6,10,0.01305063586680628
6,11,0.006286846759714658
6,12,0.0017671164631319776
6,13,9.069117427402983e-5
6,14,0.010416481798051908
6,15,0.011200377606758006
6,16,0.027789272723127
6,17,0.020683571768293146
6,18,0.04687103236161198
6,19,0.004735132063970167
6,20,0.013704053157034223
6,21,0.0137489088860256
6,22,0.010253441584894774
6,23,0.02570623668828073
6,24,0.01876280221731489
6,25,0.0037628586625628587
6,26,0.030772587201840267
6,27,0.0020730365399886297
6,28,0.009767881520445786
6,29,0.016161394119470276
6,30,0.012573634938476913
6,31,0.03678213136065582
6,32,0.004182712955917045
6,33,0.004504146741482271
6,34,0.014594170360512342
6,35,0.036866979526560824
6,36,0.009595696227565365
6,37,0.000331453612451374
6,38,0.039097896456367
6,39,0.02504544507328391
6,40,0.013213095691078938
6,41,0.00317996294444953
6,42,0.016832319129042587
6,43,0.034763736906506734
6,44,0.0007087054852946462
6,45,0.019112096501925493
6,46,0.029935109840164533
6,47,0.012305474553694455
6,48,0.02012621241173262
6,49,0.0006238789791232794
6,50,0.008662896200734144
7,1,0.001972201741984776
7,2,0.010049798400950384
7,3,0.019992812177163335
7,4,0.0015211478488779016
7,5,0.03724410392721934
7,6,0.042340892102606116
7,7,0.018711977687775223
7,8,0.029735412938867018
7,9,0.026836891584757716
7,10,0.010751817902428394
7,11,0.014225055948322391
7,12,0.0012878840035459014
7,13,0.008444280056067129
7,14,0.02005298317843618
7,15,0.00663368068121151
7,16,0.007689950073506817
7,17,0.003420371975180896
7,18,0.012393796223114175
7,19,0.008793721918326912
7,20,0.026354388049765323
7,21,0.001837121148004217
7,22,0.030413457618486912
7,23,0.017588382135798518
7,24,0.0012361040936058046
7,25,0.020561190682641083
7,26,0.022035328544150745
7,27,0.013550682637286456
7,28,0.019671821652721487
7,29,0.018636009759830846
7,30,0.04507190690583495
7,31,0.042260023399202186
7,32,0.017115109244312924
7,33,0.026461102369542265
7,34,0.007295386977951605
7,35,0.016930636778469135
7,36,0.02661088716943512
7,37,0.00022609644358887533
7,38,0.006772975191695677
7,39,0.030435000255632994
7,40,0.018564895248260424
7,41,0.011571572151234262
7,42,0.005853224120141954
7,43,0.028977682975430647
7,44,0.0387791186182685
7,45,0.0007087054852944385
7,46,0.015096714790163545
7,47,0.017789745993776356
7,48,0.009632213378002236
7,49,0.01848468887188847
7,50,0.007104428804146949
8,1,0.008852605571678291
8,2,0.03245075166235373
8,3,0.002943823293835732
8,4,0.023457848209267666
8,5,0.018650076135962163
8,6,0.014746328851858328
8,7,0.029735412938866737
8,8,0.030802540420674374
8,9,0.03444263386907288
8,10,0.028011311666273818
8,11,0.005752855146259709
8,12,0.004013659429123195
8,13,0.02125017600770813
8,14,0.0046614789392266385
8,15,0.016542555645185055
8,16,0.0378433253795194
8,17,0.0005998254716720495
8,18,0.03465693846810415
8,19,0.009225459762680986
8,20,0.020660653927356814
8,21,0.017807978454747152
8,22,0.005497819402899465
8,23,0.0034711168366003613
8,24,0.021735610764157445
8,25,0.017036365787982184
8,26,0.003339286118087184
8,27,0.0002904703514406642
8,28,0.014853208642990126
8,29,0.048582334439086126
8,30,0.011050378700894491
8,31,0.025404884789492068
8,32,0.011616208073742787
8,33,0.014323869007843658
8,34,0.028797568787498937
8,35,0.017551479335077346
8,36,0.007108844107314768
8,37,0.03371531597358213
8,38,0.008888992644322748
8,39,0.0002924253666721575
8,40,0.028793476715788288
8,41,0.015891634072567953
8,42,0.0005737916951538568
8,43,0.009868605831903788
8,44,0.028977682975430834
8,45,0.03476373690650655
8,46,0.01285406933168267
8,47,0.012423453614471348
8,48,0.016148222453932177
8,49,0.0031516635529785213
8,50,0.009821792671154402
9,1,0.03442295340433855
9,2,0.004141016123107836
9,3,0.010999908724077224
9,4,0.014185104993248454
9,5,0.0009600731339064869
9,6,0.006044596972222858
9,7,0.02683689158475757
9,8,0.03444263386907266
9,9,0.031976960502190524
9,10,0.029443671112904003
9,11,0.017799915147074706
9,12,0.02571514715042194
9,13,0.007796460545963436
9,14,0.01773974847445698
9,15,0.03587112363753462
9,16,0.008252780100006117
9,17,0.00023398506376554572
9,18,0.02221908145746728
9,19,0.022790006459074107
9,20,0.03493690674183148
9,21,0.027995594478260524
9,22,0.009134362327139291
9,23,0.0338261734970565
9,24,0.021743586718188265
9,25,0.004513706199603493
9,26,0.004708492404727893
9,27,0.025064605162189394
9,28,0.028620042434923953
9,29,0.014833179817735194
9,30,0.028915312322743286
9,31,0.019593436624564847
9,32,0.022613644553022914
9,33,0.009279741655786135
9,34,0.0040677766507178905
9,35,0.018975776116344635
9,36,0.010447050530930336
9,37,0.0015540520934192062
9,38,0.027234766148558708
9,39,0.010530516184167395
9,40,0.002380835809020339
9,41,0.016648112869400312
9,42,0.011876252360806071
9,43,0.000573791695154
9,44,0.005853224120141779
9,45,0.01683231912904265
9,46,0.03209047573081421
9,47,0.014495592871526717
9,48,0.0059429037894476264
9,49,0.007485326253198012
9,50,0.010256092357125454
10,1,0.012993621694786132
10,2,0.009027706982092445
10,3,0.012987912163976392
10,4,0.01149786635128393
10,5,0.0015796258295090709
10,6,0.013050635866805894
10,7,0.010751817902428795
10,8,0.028011311666273755
10,9,0.02944367111290403
10,10,0.02176556398299142
10,11,0.0494059631170663
10,12,0.02158271626391497
10,13,0.02220471961717077
10,14,0.02341318415234464
10,15,0.00944997292927808
10,16,0.0022061868057504028
10,17,0.01336647588578906
10,18,0.01163294694526447
10,19,0.02194328504704525
10,20,0.01545506590817041
10,21,0.007994565959945044
10,22,0.011328398421695526
10,23,0.009138107554448688
10,24,0.016604268932502553
10,25,1.271474521839799e-6
10,26,0.02389018508067309
10,27,0.03361900519109257
10,28,0.004621783298535969
10,29,0.008953020318581187
10,30,0.015810635507724158
10,31,0.026124072086274038
10,32,0.021929903042521463
10,33,0.012357552195897153
10,34,0.01910153432694038
10,35,0.011172205454864817
10,36,0.010312879915610484
10,37,0.016927600355953743
10,38,0.0031955756332639664
10,39,0.02456150497286611
10,40,0.022675880030555352
10,41,0.006396217520782117
10,42,0.016648112869400197
10,43,0.015891634072568016
10,44,0.011571572151234123
10,45,0.0031799629444494095
10,46,0.015190795589198683
10,47,0.02560992590579046
10,48,0.023158489072260854
10,49,0.01304733259359453
10,50,0.0023364664179562973
11,1,0.04345066038643097
11,2,0.004135306592298112
11,3,0.013470068093268672
11,4,0.0003824330002370753
11,5,0.0005926963816155293
11,6,0.006286846759714932
11,7,0.01422505594832203
11,8,0.0057528551462600105
11,9,0.017799915147074543
11,10,0.049405963117066354
11,11,0.025548365099831608
11,12,0.045895535583815136
11,13,0.009626928434393079
11,14,0.013914944071991949
11,15,0.014664126290940398
11,16,0.012169283056517075
11,17,0.009660745203279692
11,18,0.030795890618723433
11,19,0.01896788749616822
11,20,0.0049990557348411225
11,21,0.054779058808126384
11,22,0.026267035841532997
11,23,0.005893506142858297
11,24,0.01260675063826128
11,25,0.011799622347773998
11,26,0.028911784260886607
11,27,0.005796203380052239
11,28,0.013951983074749812
11,29,0.026022032026923273
11,30,0.006161780082111873
11,31,0.018147101925680833
11,32,0.015867979729148326
11,33,0.012108110371367282
11,34,0.019461981000043985
11,35,0.027764430527674487
11,36,0.004691655629841354
11,37,0.008671356375765844
11,38,0.019600861531646377
11,39,0.015340939479651896
11,40,0.020546123261104412
11,41,0.022675880030555446
11,42,0.0023808358090202366
11,43,0.028793476715788243
11,44,0.01856489524826041
11,45,0.013213095691078262
11,46,0.00330058688057429
11,47,0.006527899388464498
11,48,0.032714354709937374
11,49,0.03298028174341519
11,50,0.002791240236469029
12,1,0.017128928287084205
12,2,0.02095288531106987
12,3,0.008470172571441286
12,4,0.001379505360369248
12,5,0.005089653930442932
12,6,0.0017671164631316383
12,7,0.0012878840035463182
12,8,0.004013659429122776
12,9,0.025715147150422543
12,10,0.021582716263914666
12,11,0.04589553558381524
12,12,0.005661279598476449
12,13,0.037605760038636304
12,14,0.02845038200889191
12,15,0.007704311913803306
12,16,0.002797194281910222
12,17,0.031993083447995285
12,18,0.016995685754183514
12,19,0.0038535498368369647
12,20,0.020356105403787725
12,21,0.013273414146746916
12,22,0.0375571542435725
12,23,0.004522177648823059
12,24,0.03429739742313503
12,25,0.041517263424626
12,26,0.01788676611295142
12,27,0.009244762144543806
12,28,0.02484761194540692
12,29,0.011160742838280549
12,30,0.028358498444879848
12,31,0.004094312275013877
12,32,0.008325309254526608
12,33,0.02297240853329516
12,34,0.0034452141706331654
12,35,0.012981431175020593
12,36,0.029405954067519124
12,37,0.002018394454148842
12,38,0.0034740074706222034
12,39,0.023616243243408164
12,40,0.015340939479651837
12,41,0.02456150497286628
12,42,0.0105305161841673
12,43,0.0002924253666722285
12,44,0.03043500025563236
12,45,0.02504544507328415
12,46,0.021875991891812368
12,47,0.0038038419235726082
12,48,0.0032938932826897683
12,49,0.022458262352811845
12,50,0.030643815325458897
13,1,0.02249777507536109
13,2,0.004523449123344757
13,3,0.03304344804396914
13,4,0.003762951641235462
13,5,0.0002050852788530286
13,6,9.069117427411267e-5
13,7,0.00844428005606755
13,8,0.0212501760077088
13,9,0.007796460545962957
13,10,0.022204719617171242
13,11,0.009626928434393537
13,12,0.037605760038636325
13,13,0.03241603084480852
13,14,0.01598650405284116
13,15,0.016583449999861825
13,16,0.03645805459070906
13,17,0.0045377462689935415
13,18,0.005050742666108791
13,19,0.02232830714577243
13,20,0.022126019718425052
13,21,0.003134200839233918
13,22,0.008471444045963037
13,23,0.009153262963295786
13,24,0.02438833513754161
13,25,0.004611008962409674
13,26,0.021850241308283218
13,27,0.012757049212507754
13,28,0.006453521908074562
13,29,0.027184078363363482
13,30,0.000904650481154811
13,31,0.01853670577372568
13,32,0.0030101165291330344
13,33,0.00033758694620747204
13,34,0.01649185870827186
13,35,0.001803690630788437
13,36,0.01030816999932806
13,37,0.04155131791390719
13,38,0.0019969872576130116
13,39,0.003474007470622282
13,40,0.0196008615316463
13,41,0.0031955756332636737
13,42,0.02723476614855866
13,43,0.008888992644323203
13,44,0.006772975191695951
13,45,0.03909789645636649
13,46,0.017941016269137102
13,47,0.031697784562966694
13,48,0.006452250433552873
13,49,0.0009574268647334896
13,50,0.019667022116342803
14,1,0.012605479163739438
14,2,0.010407212342461853
14,3,0.009230670053550579
14,4,0.034217868125485384
14,5,0.008761914397404232
14,6,0.010416481798052284
14,7,0.02005298317843659
14,8,0.004661478939227303
14,9,0.01773974847445759
14,10,0.023413184152345272
14,11,0.013914944071992461
14,12,0.02845038200889148
14,13,0.015986504052841136
14,14,0.02054909883577851
14,15,0.06014887055735357
14,16,0.00924850944895814
14,17,0.009515713808822596
14,18,0.03478624663096241
14,19,0.023323212547696807
14,20,0.005106402581218503
14,21,0.0003811615257150705
14,22,0.02526969044104299
14,23,0.037381956832327694
14,24,0.03883965142402113
14,25,0.0047213130211987055
14,26,0.035254824287868775
14,27,0.01905900107181399
14,28,0.015093515630464488
14,29,0.003802570449051168
14,30,0.017362285692209288
14,31,0.008009079285301724
14,32,0.009873809572991546
14,33,0.003470433295890302
14,34,0.001979110486052241
14,35,0.013818597532579318
14,36,0.010341673215599671
14,37,0.006292788287566386
14,38,0.0415513179139073
14,39,0.002018394454148832
14,40,0.008671356375765923
14,41,0.01692760035595396
14,42,0.001554052093419606
14,43,0.033715315973582426
14,44,0.00022609644358900218
14,45,0.0003314536124510147
14,46,0.0489196891275208
14,47,0.02819710862626263
14,48,0.02936131814501041
14,49,0.009243490670021993
14,50,0.029686388460725372
15,1,0.012090562732899265
15,2,0.007898258233533559
15,3,0.009232792260945605
15,4,0.004231707297381712
15,5,0.02400647160628608
15,6,0.011200377606758216
15,7,0.006633680681212064
15,8,0.016542555645185263
15,9,0.03587112363753548
15,10,0.009449972929278676
15,11,0.01466412629093981
15,12,0.007704311913802667
15,13,0.016583449999861402
15,14,0.06014887055735357
15,15,0.013214158284874862
15,16,0.03320652977546703
15,17,0.04857250234891404
15,18,0.0277881836904105
15,19,0.017564342066408403
15,20,0.0015783543549868309
15,21,0.023297488699058427
15,22,0.02852935126064957
15,23,0.004416698019682351
15,24,0.017714934715984794
15,25,0.008195836098562084
15,26,0.0019300727847294406
15,27,0.037591290705825495
15,28,0.008802908714688262
15,29,0.005271722959310277
15,30,0.0033018583550957718
15,31,0.008699389491475206
15,32,0.001528529460278421
15,33,0.008232286033146826
15,34,0.006143694471582919
15,35,0.014124474332440445
15,36,0.009803215820817644
15,37,0.010341673215599739
15,38,0.010308169999328192
15,39,0.02940595406751923
15,40,0.004691655629841127
15,41,0.010312879915610109
15,42,0.010447050530930167
15,43,0.007108844107314582
15,44,0.026610887169435292
15,45,0.00959569622756532
15,46,0.00992463874467448
15,47,0.04658322270956442
15,48,0.03098834886273181
15,49,0.0012824971804484566
15,50,0.028910512786364754
16,1,0.004707220930205837
16,2,0.013264982814415469
16,3,0.012897220989702467
16,4,0.019444188780144964
16,5,0.02419399930154419
16,6,0.027789272723126326
16,7,0.007689950073506889
16,8,0.0378433253795203
16,9,0.00825278010000646
16,10,0.002206186805749531
16,11,0.012169283056516468
16,12,0.0027971942819097397
16,13,0.03645805459070986
16,14,0.00924850944895773
16,15,0.03320652977546703
16,16,0.05253815118483071
16,17,0.05147899965705487
16,18,0.03135059778436024
16,19,0.006043325497700607
16,20,0.010839549213868427
16,21,0.027332158431377904
16,22,0.006388899761666891
16,23,0.00886232914430666
16,24,0.02622711730577674
16,25,0.014923694479515623
16,26,0.005859369680605312
16,27,0.00832601957239628
16,28,0.02776949803467134
16,29,0.015907337518835232
16,30,0.003391173241423821
16,31,0.0031786914699275543
16,32,0.00705786595163058
16,33,0.0011447317154140869
16,34,0.003913077813241343
16,35,0.010159076183344619
16,36,0.014124474332440611
16,37,0.013818597532579566
16,38,0.0018036906307882013
16,39,0.012981431175020488
16,40,0.027764430527674997
16,41,0.01117220545486488
16,42,0.018975776116344215
16,43,0.01755147933507726
16,44,0.016930636778468896
16,45,0.03686697952656082
16,46,0.007259229809608944
16,47,0.012715878981143496
16,48,0.015939407384105514
16,49,0.05065537097907468
16,50,0.028403891280276868
17,1,0.0011744200815162736
17,2,0.0002917418259630782
17,3,0.0030535862952162634
17,4,0.007065071014459938
17,5,0.015661387663304546
17,6,0.02068357176829287
17,7,0.0034203719751817675
17,8,0.0005998254716719385
17,9,0.0002339850637646879
17,10,0.01336647588578864
17,11,0.00966074520328041
17,12,0.03199308344799606
17,13,0.004537746268993934
17,14,0.00951571380882332
17,15,0.04857250234891359
17,16,0.051478999657054866
17,17,0.035316246620276846
17,18,0.029734141464344985
17,19,0.0029467065040833223
17,20,0.022867187288664118
17,21,0.01884683924685702
17,22,0.00766513631503501
17,23,0.024254915563792157
17,24,0.006071088907837537
17,25,0.028563583723733618
17,26,0.004667602122389985
17,27,0.015681162351759485
17,28,0.0012215907682492986
17,29,0.019106601833937323
17,30,0.009426787693811925
17,31,0.00503269678126845
17,32,0.0058519526456200415
17,33,0.005087497894757565
17,34,0.005160113427175768
17,35,0.003913077813241538
17,36,0.00614369447158267
17,37,0.001979110486052559
17,38,0.016491858708271814
17,39,0.0034452141706325366
17,40,0.019461981000044273
17,41,0.019101534326940853
17,42,0.004067776650717909
17,43,0.028797568787498538
17,44,0.007295386977951719
17,45,0.01459417036051263
17,46,0.03965821976302985
17,47,0.02338458551584991
17,48,0.03238290109748639
17,49,0.0456257958448308
17,50,0.021744858192709857
18,1,0.0049989627561689435
18,2,0.00903697643768303
18,3,0.019670550178199367
18,4,0.006836387412056647
18,5,0.0035546434812086317
18,6,0.04687103236161257
18,7,0.012393796223114038
18,8,0.034656938468103284
18,9,0.02221908145746699
18,10,0.011632946945265382
18,11,0.030795890618723867
18,12,0.016995685754184163
18,13,0.005050742666109602
18,14,0.034786246630962005
18,15,0.027788183690411132
18,16,0.03135059778435967
18,17,0.029734141464345044
18,18,0.006912355339999966
18,19,0.0008236286779802838
18,20,0.032633094964808824
18,21,0.0032001651723212736
18,22,0.011796976078601978
18,23,0.0048738960785659246
18,24,0.026591381981749103
18,25,0.004185003449288205
18,26,0.018741791052579435
18,27,0.011772030926537017
18,28,0.024344058552493403
18,29,0.007702140593272704
18,30,0.017465078294092704
18,31,0.006753526518119385
18,32,0.017178060627656627
18,33,0.009867334357381751
18,34,0.005087497894757639
18,35,0.0011447317154139442
18,36,0.008232286033146564
18,37,0.00347043329589046
18,38,0.0003375869462083022
18,39,0.022972408533295616
18,40,0.012108110371366653
18,41,0.012357552195897306
18,42,0.009279741655786452
18,43,0.014323869007843404
18,44,0.02646110236954216
18,45,0.004504146741482683
18,46,0.016049644964946187
18,47,0.059325241879372735
18,48,0.006301802944875394
18,49,0.00347238831112161
18,50,0.017221904564553987
19,1,0.010211396519199232
19,2,0.014963329247993437
19,3,0.005254175320842554
19,4,0.01616012264494813
19,5,0.024373257286251365
19,6,0.004735132063970278
19,7,0.008793721918327405
19,8,0.00922545976268105
19,9,0.02279000645907322
19,10,0.021943285047045402
19,11,0.01896788749616913
19,12,0.003853549836837325
19,13,0.022328307145771727
19,14,0.02332321254769745
19,15,0.017564342066408115
19,16,0.006043325497701228
19,17,0.0029467065040828582
19,18,0.0008236286779803054
19,19,0.03659874380072547
19,20,0.020490650794323103
19,21,0.00198927963934981
19,22,0.00040892493585224527
19,23,0.01413344249655892
19,24,0.005382196278559788
19,25,0.01676958931059495
19,26,0.0029194253548588435
19,27,0.010078894851845443
19,28,0.005291481101513616
19,29,0.025985582092338116
19,30,0.010375401768965165
19,31,0.005319714447704512
19,32,0.002738144806357686
19,33,0.017178060627656845
19,34,0.005851952645619905
19,35,0.0070578659516305165
19,36,0.001528529460278353
19,37,0.009873809572990899
19,38,0.0030101165291332582
19,39,0.008325309254525785
19,40,0.015867979729148548
19,41,0.02192990304252109
19,42,0.022613644553022807
19,43,0.011616208073742869
19,44,0.017115109244312497
19,45,0.0041827129559165455
19,46,0.015162875374860132
19,47,0.013636743495779027
19,48,0.03041472909300791
19,49,0.022102088335401487
19,50,0.0182724698815883
20,1,0.01996229200416248
20,2,0.006428595402358685
20,3,0.011452901714742213
20,4,0.03646382001915064
20,5,0.007870347099769252
20,6,0.013704053157033748
20,7,0.02635438804976531
20,8,0.020660653927357442
20,9,0.03493690674183142
20,10,0.015455065908169478
20,11,0.0049990557348410115
20,12,0.02035610540378684
20,13,0.022126019718425285
20,14,0.005106402581217794
20,15,0.0015783543549875503
20,16,0.01083954921386874
20,17,0.02286718728866364
20,18,0.032633094964808304
20,19,0.020490650794323176
20,20,0.005954928475266527
20,21,0.023281891030792166
20,22,0.0003471867786071126
20,23,0.009847167421273511
20,24,0.004311649825404838
20,25,0.0017222325255872644
20,26,0.008106693109860914
20,27,0.0035611244701645147
20,28,0.008437371312000768
20,29,0.0026182199258210697
20,30,0.038130945938726304
20,31,0.014390783480726803
20,32,0.005319714447704289
20,33,0.006753526518119507
20,34,0.005032696781268666
20,35,0.0031786914699275704
20,36,0.008699389491474805
20,37,0.008009079285302229
20,38,0.01853670577372497
20,39,0.004094312275013769
20,40,0.018147101925680108
20,41,0.02612407208627399
20,42,0.01959343662456472
20,43,0.025404884789491784
20,44,0.04226002339920166
20,45,0.03678213136065537
20,46,0.025503675504808677
20,47,0.013747637411504652
20,48,0.014767147784497886
20,49,0.008669870900298067
20,50,0.03932399289995538
21,1,0.003782801116840525
21,2,0.016451864470911196
21,3,0.03763824010066679
21,4,0.00316312616956333
21,5,0.0016134904241344684
21,6,0.013748908886025799
21,7,0.001837121148003787
21,8,0.01780797845474716
21,9,0.02799559447826116
21,10,0.007994565959945034
21,11,0.05477905880812544
21,12,0.013273414146746836
21,13,0.003134200839233053
21,14,0.00038116152571535393
21,15,0.023297488699058948
21,16,0.027332158431377207
21,17,0.01884683924685666
21,18,0.0032001651723207215
21,19,0.0019892796393493474
21,20,0.02328189103079228
21,21,0.003618462057309527
21,22,0.03353798338791798
21,23,0.00947460589254703
21,24,0.0027427386171264695
21,25,0.004351246375329183
21,26,0.00475831729943617
21,27,0.006465169570016248
21,28,0.006234385645856982
21,29,0.003707992534387264
21,30,0.001397161785940646
21,31,0.038130945938726526
21,32,0.010375401768964976
21,33,0.01746507829409244
21,34,0.009426787693811835
21,35,0.003391173241424401
21,36,0.0033018583550963494
21,37,0.017362285692208927
21,38,0.000904650481155167
21,39,0.028358498444879313
21,40,0.006161780082111578
21,41,0.01581063550772376
21,42,0.028915312322743
21,43,0.011050378700894117
21,44,0.045071906905834756
21,45,0.012573634938476397
21,46,0.007871618574290563
21,47,0.002900215775468143
21,48,0.035492495604214545
21,49,0.03198905234905166
21,50,0.02694234078188634
22,1,0.003510427533251273
22,2,0.02742684358146756
22,3,0.008162088925732327
22,4,0.0004390703426182677
22,5,0.018456129816231587
22,6,0.010253441584895516
22,7,0.030413457618486645
22,8,0.005497819402899926
22,9,0.009134362327139182
22,10,0.01132839842169488
22,11,0.026267035841533053
22,12,0.03755715424357166
22,13,0.008471444045963013
22,14,0.025269690441043813
22,15,0.02852935126064958
22,16,0.006388899761666426
22,17,0.007665136315034406
22,18,0.011796976078602464
22,19,0.0004089249358516689
22,20,0.0003471867786076189
22,21,0.03353798338791798
22,22,0.013440254728463686
22,23,0.026433554583770915
22,24,0.01813750209328103
22,25,0.009223288442149953
22,26,0.005992769915173821
22,27,0.007431578475128714
22,28,0.005680194276371862
22,29,0.01024976735761866
22,30,0.003707992534387375
22,31,0.0026182199258211955
22,32,0.025985582092338304
22,33,0.007702140593272662
22,34,0.019106601833936795
22,35,0.0159073375188357
22,36,0.0052717229593097666
22,37,0.003802570449050811
22,38,0.027184078363363243
22,39,0.011160742838280497
22,40,0.02602203202692301
22,41,0.008953020318580609
22,42,0.014833179817735067
22,43,0.048582334439085974
22,44,0.01863600975983118
22,45,0.016161394119470023
22,46,0.04097752621875331
22,47,0.013873239618419256
22,48,0.020122120340021924
22,49,0.017220025722626292
22,50,0.007334940550903789
23,1,0.031209644698308104
23,2,0.011800203078430114
23,3,0.01065046686181743
23,4,0.013457167060062562
23,5,0.01142786166641169
23,6,0.025706236688280808
23,7,0.01758838213579928
23,8,0.0034711168366003318
23,9,0.03382617349705604
23,10,0.009138107554448873
23,11,0.00589350614285873
23,12,0.004522177648823168
23,13,0.00915326296329478
23,14,0.03738195683232802
23,15,0.0044166980196817
23,16,0.008862329144306671
23,17,0.0242549155637927
23,18,0.004873896078565318
23,19,0.014133442496559376
23,20,0.009847167421273957
23,21,0.009474605892546565
23,22,0.02643355458377094
23,23,0.022103150929197634
23,24,0.03291410440879442
23,25,0.019779025633125565
23,26,0.011896549617842582
23,27,0.01813813376156182
23,28,0.011446960186890379
23,29,0.005680194276371963
23,30,0.006234385645856813
23,31,0.008437371312000817
23,32,0.005291481101513595
23,33,0.024344058552494035
23,34,0.001221590768248862
23,35,0.027769498034670933
23,36,0.008802908714688524
23,37,0.01509351563046405
23,38,0.006453521908074512
23,39,0.024847611945407033
23,40,0.013951983074749607
23,41,0.004621783298535846
23,42,0.028620042434923585
23,43,0.014853208642990206
23,44,0.01967182165272112
23,45,0.009767881520445807
23,46,0.005583464073239772
23,47,0.058199430783307006
23,48,0.0043992302631691
23,49,0.01920187255993357
23,50,0.04416236650451269
24,1,0.008289775545178828
24,2,0.006867665744976922
24,3,0.03341945906422496
24,4,0.0012164651472124544
24,5,0.03070519944444988
24,6,0.018762802217315536
24,7,0.0012361040936055435
24,8,0.02173561076415674
24,9,0.02174358671818834
24,10,0.016604268932502466
24,11,0.012606750638261088
24,12,0.03429739742313559
24,13,0.024388335137541732
24,14,0.03883965142402022
24,15,0.017714934715985012
24,16,0.026227117305777394
24,17,0.006071088907837556
24,18,0.02659138198174961
24,19,0.005382196278560246
24,20,0.0043116498254052605
24,21,0.002742738617126886
24,22,0.01813750209328043
24,23,0.032914104408794435
24,24,0.023744674469042177
24,25,0.03558736558448706
24,26,0.03192438947951368
24,27,0.015911931329604292
24,28,0.01813813376156207
24,29,0.007431578475128732
24,30,0.006465169570016158
24,31,0.0035611244701644414
24,32,0.010078894851845177
24,33,0.011772030926537377
24,34,0.015681162351759908
24,35,0.008326019572395954
24,36,0.03759129070582524
24,37,0.01905900107181386
24,38,0.012757049212507882
24,39,0.009244762144543544
24,40,0.005796203380051807
24,41,0.033619005191092545
24,42,0.025064605162189394
24,43,0.0002904703514412842
24,44,0.013550682637286711
24,45,0.002073036539988672
24,46,0.026989786084999363
24,47,0.012689005808348579
24,48,0.0188754378833515
24,49,0.022543110518717283
24,50,0.011866932009029716
25,1,0.03807731044328499
25,2,0.029909031530973646
25,3,0.0049992662640530585
25,4,0.010742907440287528
25,5,0.008551405698116302
25,6,0.0037628586625634486
25,7,0.020561190682640455
25,8,0.01703636578798246
25,9,0.004513706199603253
25,10,1.271474521591571e-6
25,11,0.011799622347774416
25,12,0.04151726342462607
25,13,0.004611008962410104
25,14,0.004721313021198725
25,15,0.008195836098561221
25,16,0.014923694479515833
25,17,0.028563583723734288
25,18,0.004185003449288026
25,19,0.016769589310595388
25,20,0.0017222325255868186
25,21,0.004351246375328602
25,22,0.009223288442150477
25,23,0.019779025633125093
25,24,0.03558736558448712
25,25,0.03589003831543038
25,26,0.0396027472962488
25,27,0.031924389479513995
25,28,0.01189654961784255
25,29,0.005992769915173903
25,30,0.004758317299436448
25,31,0.008106693109860492
25,32,0.0029194253548593414
25,33,0.018741791052579275
25,34,0.004667602122390359
25,35,0.005859369680605501
25,36,0.0019300727847293316
25,37,0.03525482428786903
25,38,0.02185024130828287
25,39,0.017886766112950956
25,40,0.02891178426088647
25,41,0.023890185080673445
25,42,0.004708492404727701
25,43,0.0033392861180874915
25,44,0.02203532854415107
25,45,0.03077258720184027
25,46,0.016199433341599637
25,47,0.012334206814956271
25,48,0.014253334973537837
25,49,0.02621037843425533
25,50,0.021619255985795324
26,1,0.02161925598579485
26,2,0.02621037843425499
26,3,0.014253334973538836
26,4,0.012334206814956908
26,5,0.016199433341599054
26,6,0.030772587201839813
26,7,0.02203532854415143
26,8,0.0033392861180869876
26,9,0.004708492404727512
26,10,0.023890185080673712
26,11,0.028911784260886517
26,12,0.01788676611295103
26,13,0.021850241308283117
26,14,0.03525482428786907
26,15,0.0019300727847296377
26,16,0.0058593696806043555
26,17,0.004667602122390157
26,18,0.018741791052580004
26,19,0.0029194253548590295
26,20,0.008106693109861524
26,21,0.004758317299436715
26,22,0.005992769915173217
26,23,0.011896549617843234
26,24,0.031924389479513204
26,25,0.03960274729624878
26,26,0.035890038315430736
26,27,0.03558736558448706
26,28,0.01977902563312589
26,29,0.00922328844215034
26,30,0.004351246375329626
26,31,0.0017222325255872998
26,32,0.016769589310594704
26,33,0.004185003449287645
26,34,0.02856358372373359
26,35,0.014923694479515668
26,36,0.008195836098561716
26,37,0.004721313021198438
26,38,0.004611008962410167
26,39,0.04151726342462572
26,40,0.011799622347774338
26,41,1.2714745216734283e-6
26,42,0.004513706199603346
26,43,0.017036365787981886
26,44,0.020561190682641145
26,45,0.003762858662562729
26,46,0.008551405698115423
26,47,0.010742907440286832
26,48,0.004999266264052409
26,49,0.029909031530974708
26,50,0.038077310443285085
27,1,0.011866932009029989
27,2,0.022543110518717716
27,3,0.01887543788335116
27,4,0.012689005808347718
27,5,0.026989786084999048
27,6,0.002073036539989038
27,7,0.013550682637286326
27,8,0.000290470351441433
27,9,0.02506460516218998
27,10,0.033619005191092434
27,11,0.0057962033800517225
27,12,0.009244762144543641
27,13,0.012757049212507917
27,14,0.019059001071814016
27,15,0.03759129070582591
27,16,0.008326019572396034
27,17,0.015681162351758593
27,18,0.01177203092653716
27,19,0.010078894851846232
27,20,0.0035611244701644704
27,21,0.006465169570016849
27,22,0.007431578475129525
27,23,0.0181381337615614
27,24,0.01591193132960476
27,25,0.031924389479513496
27,26,0.0355873655844871
27,27,0.023744674469042635
27,28,0.03291410440879476
27,29,0.018137502093281646
27,30,0.002742738617126643
27,31,0.004311649825404553
27,32,0.005382196278559681
27,33,0.026591381981748905
27,34,0.006071088907837644
27,35,0.026227117305777353
27,36,0.017714934715984815
27,37,0.03883965142402054
27,38,0.024388335137541274
27,39,0.03429739742313548
27,40,0.012606750638260854
27,41,0.016604268932502494
27,42,0.021743586718187952
27,43,0.02173561076415699
27,44,0.001236104093606404
27,45,0.018762802217314533
27,46,0.03070519944444924
27,47,0.0012164651472115142
27,48,0.03341945906422573
27,49,0.006867665744977231
27,50,0.008289775545179415
28,1,0.04416236650451256
28,2,0.0192018725599339
28,3,0.004399230263168739
28,4,0.058199430783307145
28,5,0.005583464073240418
28,6,0.009767881520445503
28,7,0.019671821652720856
28,8,0.014853208642990608
28,9,0.028620042434923592
28,10,0.004621783298535569
28,11,0.013951983074749577
28,12,0.024847611945407383
28,13,0.006453521908074645
28,14,0.015093515630464729
28,15,0.008802908714688383
28,16,0.027769498034671693
28,17,0.0012215907682490519
28,18,0.024344058552492512
28,19,0.005291481101513698
28,20,0.008437371312001625
28,21,0.006234385645857302
28,22,0.005680194276371274
28,23,0.011446960186891
28,24,0.018138133761561582
28,25,0.011896549617843118
28,26,0.01977902563312538
28,27,0.032914104408794824
28,28,0.02210315092919843
28,29,0.026433554583771026
28,30,0.009474605892547476
28,31,0.009847167421273565
28,32,0.014133442496558778
28,33,0.004873896078565637
28,34,0.024254915563792608
28,35,0.008862329144306805
28,36,0.0044166980196815525
28,37,0.03738195683232768
28,38,0.00915326296329516
28,39,0.004522177648823676
28,40,0.00589350614285864
28,41,0.009138107554448795
28,42,0.033826173497056106
28,43,0.00347111683659952
28,44,0.017588382135798785
28,45,0.025706236688280076
28,46,0.011427861666410714
28,47,0.013457167060063314
28,48,0.010650466861818073
28,49,0.01180020307843035
28,50,0.031209644698307892
29,1,0.007334940550903801
29,2,0.01722002572262597
29,3,0.020122120340022157
29,4,0.013873239618419473
29,5,0.04097752621875354
29,6,0.016161394119469485
29,7,0.018636009759831502
29,8,0.04858233443908586
29,9,0.014833179817734906
29,10,0.008953020318580755
29,11,0.026022032026923568
29,12,0.011160742838280616
29,13,0.027184078363364155
29,14,0.00380257044905111
29,15,0.005271722959310538
29,16,0.015907337518835316
29,17,0.01910660183393781
29,18,0.0077021405932725055
29,19,0.025985582092337124
29,20,0.002618219925820761
29,21,0.003707992534386465
29,22,0.010249767357618853
29,23,0.005680194276371493
29,24,0.007431578475129418
29,25,0.0059927699151735465
29,26,0.009223288442150871
29,27,0.018137502093281174
29,28,0.02643355458377109
29,29,0.013440254728464248
29,30,0.03353798338791792
29,31,0.0003471867786067379
29,32,0.0004089249358517422
29,33,0.011796976078602502
29,34,0.0076651363150348276
29,35,0.00638889976166624
29,36,0.028529351260649767
29,37,0.02526969044104377
29,38,0.008471444045962739
29,39,0.03755715424357198
29,40,0.026267035841533296
29,41,0.011328398421694934
29,42,0.009134362327139739
29,43,0.005497819402899685
29,44,0.030413457618485983
29,45,0.010253441584894942
29,46,0.018456129816232538
29,47,0.000439070342618874
29,48,0.008162088925731996
29,49,0.027426843581467214
29,50,0.0035104275332510015
30,1,0.02694234078188654
30,2,0.031989052349052326
30,3,0.03549249560421425
30,4,0.0029002157754685074
30,5,0.007871618574290485
30,6,0.012573634938476571
30,7,0.04507190690583456
30,8,0.011050378700894089
30,9,0.028915312322743025
30,10,0.01581063550772404
30,11,0.006161780082111783
30,12,0.028358498444880222
30,13,0.0009046504811548881
30,14,0.01736228569220998
30,15,0.003301858355095833
30,16,0.003391173241423338
30,17,0.009426787693811963
30,18,0.017465078294093227
30,19,0.010375401768965509
30,20,0.03813094593872516
30,21,0.0013971617859408515
30,22,0.0037079925343866324
30,23,0.0062343856458573176
30,24,0.006465169570016557
30,25,0.00475831729943708
30,26,0.004351246375329274
30,27,0.0027427386171269886
30,28,0.009474605892547078
30,29,0.033537983387917976
30,30,0.003618462057310011
30,31,0.02328189103079251
30,32,0.001989279639349459
30,33,0.003200165172320929
30,34,0.01884683924685627
30,35,0.027332158431377748
30,36,0.023297488699059045
30,37,0.00038116152571518805
30,38,0.0031342008392331467
30,39,0.013273414146746966
30,40,0.05477905880812548
30,41,0.007994565959944818
30,42,0.027995594478260888
30,43,0.01780797845474676
30,44,0.0018371211480041967
30,45,0.013748908886026576
30,46,0.0016134904241346926
30,47,0.0031631261695627623
30,48,0.037638240100666354
30,49,0.01645186447091131
30,50,0.0037828011168407633
31,1,0.03932399289995611
31,2,0.008669870900298306
31,3,0.014767147784498537
31,4,0.013747637411504369
31,5,0.0255036755048084
31,6,0.036782131360655564
31,7,0.04226002339920215
31,8,0.02540488478949159
31,9,0.019593436624564833
31,10,0.026124072086273945
31,11,0.01814710192568066
31,12,0.004094312275013827
31,13,0.018536705773725903
31,14,0.00800907928530183
31,15,0.008699389491476157
31,16,0.00317869146992755
31,17,0.005032696781267815
31,18,0.006753526518119068
31,19,0.005319714447705117
31,20,0.014390783480727146
31,21,0.03813094593872541
31,22,0.002618219925820656
31,23,0.008437371312001434
31,24,0.003561124470165015
31,25,0.008106693109860782
31,26,0.0017222325255868058
31,27,0.004311649825404664
31,28,0.009847167421273834
31,29,0.0003471867786072637
31,30,0.02328189103079254
31,31,0.005954928475266254
31,32,0.02049065079432332
31,33,0.032633094964808325
31,34,0.022867187288663823
31,35,0.010839549213868954
31,36,0.0015783543549873057
31,37,0.005106402581217833
31,38,0.02212601971842492
31,39,0.020356105403786687
31,40,0.004999055734841374
31,41,0.015455065908169594
31,42,0.0349369067418314
31,43,0.020660653927356984
31,44,0.026354388049765764
31,45,0.013704053157033947
31,46,0.007870347099768726
31,47,0.036463820019150474
31,48,0.011452901714742099
31,49,0.006428595402358425
31,50,0.019962292004162364
32,1,0.01827246988158828
32,2,0.022102088335402406
32,3,0.03041472909300814
32,4,0.013636743495778425
32,5,0.01516287537486072
32,6,0.004182712955917215
32,7,0.017115109244312705
32,8,0.011616208073743264
32,9,0.022613644553022522
32,10,0.021929903042521497
32,11,0.0158679797291483
32,12,0.00832530925452638
32,13,0.003010116529133168
32,14,0.009873809572992085
32,15,0.0015285294602783634
32,16,0.007057865951631632
32,17,0.005851952645620397
32,18,0.01717806062765604
32,19,0.0027381448063573234
32,20,0.005319714447704953
32,21,0.010375401768965686
32,22,0.025985582092337322
32,23,0.005291481101512946
32,24,0.010078894851845701
32,25,0.002919425354858952
32,26,0.016769589310594753
32,27,0.0053821962785599335
32,28,0.014133442496558936
32,29,0.0004089249358516274
32,30,0.001989279639349039
32,31,0.020490650794323384
32,32,0.03659874380072521
32,33,0.0008236286779804529
32,34,0.002946706504083107
32,35,0.006043325497701191
32,36,0.017564342066407945
32,37,0.02332321254769707
32,38,0.022328307145771387
32,39,0.00385354983683667
32,40,0.018967887496169213
32,41,0.021943285047045145
32,42,0.02279000645907355
32,43,0.009225459762681213
32,44,0.008793721918327193
32,45,0.004735132063970565
32,46,0.024373257286251154
32,47,0.01616012264494795
32,48,0.0052541753208425876
32,49,0.014963329247993222
32,50,0.010211396519199124
33,1,0.017221904564553765
33,2,0.0034723883111216383
33,3,0.006301802944874662
33,4,0.05932524187937319
33,5,0.016049644964947162
33,6,0.004504146741482182
33,7,0.026461102369541703
33,8,0.014323869007843548
33,9,0.009279741655786575
33,10,0.012357552195896886
33,11,0.012108110371367147
33,12,0.02297240853329529
33,13,0.0003375869462075065
33,14,0.0034704332958904035
33,15,0.00823228603314747
33,16,0.0011447317154143536
33,17,0.005087497894756607
33,18,0.009867334357382048
33,19,0.01717806062765601
33,20,0.006753526518118719
33,21,0.017465078294093064
33,22,0.007702140593273335
33,23,0.024344058552493095
33,24,0.011772030926536892
33,25,0.01874179105257964
33,26,0.004185003449287823
33,27,0.02659138198174898
33,28,0.004873896078565544
33,29,0.011796976078602684
33,30,0.0032001651723207823
33,31,0.03263309496480797
33,32,0.0008236286779804512
33,33,0.006912355339999899
33,34,0.029734141464345498
33,35,0.031350597784359995
33,36,0.027788183690410986
33,37,0.03478624663096146
33,38,0.005050742666108855
33,39,0.016995685754184465
33,40,0.0307958906187231
33,41,0.011632946945265179
33,42,0.022219081457467486
33,43,0.03465693846810339
33,44,0.012393796223113936
33,45,0.04687103236161226
33,46,0.0035546434812087037
33,47,0.006836387412056695
33,48,0.019670550178199128
33,49,0.009036976437683303
33,50,0.004998962756169115
34,1,0.021744858192709816
34,2,0.04562579584483079
34,3,0.032382901097486726
34,4,0.023384585515850983
34,5,0.039658219763030265
34,6,0.01459417036051183
34,7,0.007295386977951311
34,8,0.028797568787498437
34,9,0.0040677766507178515
34,10,0.01910153432694088
34,11,0.019461981000043687
34,12,0.0034452141706332595
34,13,0.016491858708271606
34,14,0.001979110486052062
34,15,0.006143694471583194
34,16,0.003913077813240704
34,17,0.00516011342717603
34,18,0.0050874978947566
34,19,0.005851952645620664
34,20,0.005032696781268022
34,21,0.009426787693811084
34,22,0.01910660183393735
34,23,0.0012215907682493784
34,24,0.015681162351759224
34,25,0.004667602122390067
34,26,0.02856358372373379
34,27,0.006071088907837727
34,28,0.02425491556379275
34,29,0.007665136315034677
34,30,0.018846839246856244
34,31,0.02286718728866369
34,32,0.002946706504082618
34,33,0.029734141464345526
34,34,0.03531624662027682
34,35,0.05147899965705531
34,36,0.048572502348913506
34,37,0.009515713808822815
34,38,0.004537746268994373
34,39,0.031993083447995285
34,40,0.009660745203280433
34,41,0.013366475885789545
34,42,0.00023398506376458685
34,43,0.0005998254716723756
34,44,0.003420371975181579
34,45,0.020683571768293146
34,46,0.015661387663304327
34,47,0.007065071014459894
34,48,0.0030535862952159286
34,49,0.0002917418259630888
34,50,0.0011744200815158243
35,1,0.02840389128027708
35,2,0.05065537097907491
35,3,0.015939407384105153
35,4,0.012715878981143632
35,5,0.007259229809608052
35,6,0.03686697952656119
35,7,0.01693063677846864
35,8,0.01755147933507677
35,9,0.018975776116344142
35,10,0.01117220545486467
35,11,0.027764430527674966
35,12,0.01298143117502005
35,13,0.0018036906307886847
35,14,0.01381859753257881
35,15,0.014124474332440158
35,16,0.01015907618334476
35,17,0.003913077813240623
35,18,0.0011447317154146945
35,19,0.007057865951631444
35,20,0.0031786914699284434
35,21,0.003391173241423647
35,22,0.01590733751883501
35,23,0.027769498034671138
35,24,0.008326019572396193
35,25,0.005859369680605092
35,26,0.014923694479515647
35,27,0.026227117305777516
35,28,0.008862329144306801
35,29,0.006388899761666201
35,30,0.02733215843137757
35,31,0.010839549213869142
35,32,0.006043325497701454
35,33,0.03135059778435956
35,34,0.05147899965705536
35,35,0.05253815118483027
35,36,0.03320652977546709
35,37,0.009248509448957744
35,38,0.036458054590709194
35,39,0.002797194281909705
35,40,0.012169283056517372
35,41,0.002206186805749309
35,42,0.00825278010000542
35,43,0.0378433253795204
35,44,0.007689950073506793
35,45,0.027789272723126337
35,46,0.02419399930154439
35,47,0.019444188780145165
35,48,0.012897220989702392
35,49,0.013264982814415106
35,50,0.0047072209302059225
36,1,0.02891051278636504
36,2,0.001282497180448533
36,3,0.03098834886273179
36,4,0.04658322270956411
36,5,0.00992463874467454
36,6,0.009595696227564898
36,7,0.026610887169435656
36,8,0.007108844107314283
36,9,0.010447050530930004
36,10,0.010312879915610132
36,11,0.0046916556298409835
36,12,0.02940595406751952
36,13,0.01030816999932739
36,14,0.010341673215599438
36,15,0.009803215820817286
36,16,0.014124474332440101
36,17,0.006143694471583434
36,18,0.008232286033147488
36,19,0.0015285294602775743
36,20,0.00869938949147585
36,21,0.0033018583550955124
36,22,0.0052717229593101525
36,23,0.008802908714688099
36,24,0.037591290705825196
36,25,0.0019300727847294105
36,26,0.00819583609856136
36,27,0.01771493471598466
36,28,0.004416698019681529
36,29,0.028529351260649715
36,30,0.02329748869905932
36,31,0.0015783543549874367
36,32,0.017564342066407744
36,33,0.02778818369041117
36,34,0.048572502348913
36,35,0.03320652977546705
36,36,0.0132141582848745
36,37,0.06014887055735351
36,38,0.01658344999986184
36,39,0.007704311913803551
36,40,0.014664126290939484
36,41,0.009449972929277642
36,42,0.035871123637535675
36,43,0.016542555645184583
36,44,0.006633680681212428
36,45,0.011200377606758061
36,46,0.024006471606285468
36,47,0.004231707297382064
36,48,0.009232792260946001
36,49,0.007898258233533418
36,50,0.012090562732899313
37,1,0.029686388460725677
37,2,0.009243490670021975
37,3,0.029361318145010473
37,4,0.028197108626262738
37,5,0.04891968912752099
37,6,0.0003314536124510067
37,7,0.0002260964435893873
37,8,0.03371531597358241
37,9,0.0015540520934197565
37,10,0.016927600355953774
37,11,0.008671356375765516
37,12,0.0020183944541483437
37,13,0.04155131791390756
37,14,0.006292788287565761
37,15,0.010341673215599336
37,16,0.01381859753257865
37,17,0.0019791104860520923
37,18,0.003470433295891151
37,19,0.00987380957299184
37,20,0.008009079285301512
37,21,0.017362285692209767
37,22,0.0038025704490513906
37,23,0.01509351563046427
37,24,0.0190590010718138
37,25,0.03525482428786894
37,26,0.004721313021198508
37,27,0.03883965142402035
37,28,0.0373819568323275
37,29,0.025269690441043925
37,30,0.0003811615257152956
37,31,0.005106402581217436
37,32,0.0233232125476972
37,33,0.03478624663096119
37,34,0.009515713808822957
37,35,0.009248509448957257
37,36,0.06014887055735361
37,37,0.020549098835778688
37,38,0.015986504052840845
37,39,0.02845038200889166
37,40,0.013914944071991583
37,41,0.0234131841523455
37,42,0.017739748474456828
37,43,0.004661478939227635
37,44,0.020052983178435783
37,45,0.010416481798053278
37,46,0.008761914397404383
37,47,0.03421786812548472
37,48,0.00923067005355101
37,49,0.010407212342461825
37,50,0.012605479163739311
38,1,0.019667022116343143
38,2,0.000957426864733264
38,3,0.006452250433552768
38,4,0.031697784562967284
38,5,0.01794101626913715
38,6,0.03909789645636667
38,7,0.006772975191695837
38,8,0.008888992644323438
38,9,0.027234766148558683
38,10,0.0031955756332643394
38,11,0.019600861531646342
38,12,0.0034740074706225404
38,13,0.0019969872576133135
38,14,0.041551317913907496
38,15,0.01030816999932727
38,16,0.0018036906307887573
38,17,0.01649185870827096
38,18,0.00033758694620770763
38,19,0.0030101165291328393
38,20,0.018536705773725744
38,21,0.0009046504811545047
38,22,0.027184078363363787
38,23,0.00645352190807437
38,24,0.012757049212507974
38,25,0.021850241308282874
38,26,0.004611008962409937
38,27,0.024388335137541312
38,28,0.009153262963294818
38,29,0.008471444045962444
38,30,0.0031342008392329377
38,31,0.022126019718425174
38,32,0.022328307145770956
38,33,0.005050742666109093
38,34,0.0045377462689945094
38,35,0.036458054590709485
38,36,0.016583449999861437
38,37,0.015986504052841
38,38,0.03241603084480843
38,39,0.03760576003863588
38,40,0.00962692843439335
38,41,0.022204719617170656
38,42,0.007796460545962515
38,43,0.021250176007707972
38,44,0.008444280056068473
38,45,9.069117427336473e-5
38,46,0.00020508527885402215
38,47,0.003762951641235451
38,48,0.033043448043968804
38,49,0.004523449123345069
38,50,0.02249777507536122
39,1,0.030643815325458984
39,2,0.022458262352812317
39,3,0.0032938932826899916
39,4,0.0038038419235728814
39,5,0.021875991891812906
39,6,0.02504544507328405
39,7,0.030435000255632616
39,8,0.0002924253666719966
39,9,0.010530516184168092
39,10,0.024561504972866112
39,11,0.015340939479652439
39,12,0.023616243243408122
39,13,0.0034740074706225313
39,14,0.0020183944541482205
39,15,0.029405954067519353
39,16,0.012981431175019502
39,17,0.0034452141706330535
39,18,0.02297240853329491
39,19,0.0083253092545263
39,20,0.0040943122750141565
39,21,0.028358498444879792
39,22,0.011160742838280393
39,23,0.024847611945407435
39,24,0.009244762144543572
39,25,0.0178867661129511
39,26,0.04151726342462567
39,27,0.03429739742313539
39,28,0.004522177648823853
39,29,0.037557154243571714
39,30,0.013273414146747256
39,31,0.020356105403786524
39,32,0.0038535498368369907
39,33,0.01699568575418476
39,34,0.03199308344799559
39,35,0.0027971942819096074
39,36,0.0077043119138031635
39,37,0.02845038200889119
39,38,0.03760576003863601
39,39,0.005661279598476537
39,40,0.045895535583814866
39,41,0.021582716263914635
39,42,0.025715147150421915
39,43,0.004013659429121618
39,44,0.001287884003545534
39,45,0.0017671164631306456
39,46,0.005089653930442352
39,47,0.0013795053603699234
39,48,0.008470172571441479
39,49,0.02095288531106941
39,50,0.0171289282870843
40,1,0.0027912402364691415
40,2,0.03298028174341569
40,3,0.032714354709937936
40,4,0.006527899388464339
40,5,0.0033005868805740675
40,6,0.013213095691078789
40,7,0.018564895248260303
40,8,0.02879347671578783
40,9,0.0023808358090205367
40,10,0.022675880030556192
40,11,0.020546123261104197
40,12,0.015340939479652352
40,13,0.01960086153164649
40,14,0.008671356375765516
40,15,0.004691655629840447
40,16,0.02776443052767503
40,17,0.01946198100004356
40,18,0.012108110371367027
40,19,0.01586797972914791
40,20,0.018147101925680347
40,21,0.006161780082111671
40,22,0.026022032026923412
40,23,0.013951983074749597
40,24,0.005796203380051613
40,25,0.028911784260886315
40,26,0.011799622347774319
40,27,0.012606750638260568
40,28,0.0058935061428584835
40,29,0.026267035841533646
40,30,0.054779058808125336
40,31,0.004999055734840958
40,32,0.01896788749616931
40,33,0.030795890618723506
40,34,0.00966074520328065
40,35,0.012169283056516895
40,36,0.014664126290939378
40,37,0.013914944071991849
40,38,0.009626928434393714
40,39,0.04589553558381494
40,40,0.025548365099831487
40,41,0.04940596311706597
40,42,0.01779991514707379
40,43,0.005752855146259493
40,44,0.014225055948320787
40,45,0.006286846759714587
40,46,0.0005926963816147833
40,47,0.0003824330002363272
40,48,0.013470068093269349
40,49,0.004135306592297784
40,50,0.04345066038643059
41,1,0.0023364664179566746
41,2,0.013047332593594791
41,3,0.02315848907226136
41,4,0.02560992590579107
41,5,0.015190795589198511
41,6,0.0031799629444497135
41,7,0.0115715721512342
41,8,0.015891634072567735
41,9,0.016648112869399843
41,10,0.006396217520782263
41,11,0.02267588003055611
41,12,0.02456150497286589
41,13,0.0031955756332641538
41,14,0.016927600355954305
41,15,0.010312879915609823
41,16,0.011172205454864526
41,17,0.01910153432694096
41,18,0.012357552195896583
41,19,0.02192990304252107
41,20,0.026124072086273736
41,21,0.015810635507724026
41,22,0.008953020318580796
41,23,0.004621783298535631
41,24,0.03361900519109227
41,25,0.02389018508067383
41,26,1.2714745212718398e-6
41,27,0.016604268932502622
41,28,0.009138107554449193
41,29,0.011328398421695078
41,30,0.007994565959945422
41,31,0.015455065908169434
41,32,0.021943285047045534
41,33,0.011632946945265229
41,34,0.013366475885789068
41,35,0.0022061868057489777
41,36,0.009449972929278086
41,37,0.02341318415234566
41,38,0.022204719617170743
41,39,0.02158271626391434
41,40,0.049405963117066035
41,41,0.021765563982990725
41,42,0.02944367111290351
41,43,0.028011311666272902
41,44,0.010751817902428622
41,45,0.013050635866804966
41,46,0.0015796258295085039
41,47,0.011497866351284686
41,48,0.012987912163975627
41,49,0.009027706982091786
41,50,0.01299362169478665
42,1,0.010256092357125657
42,2,0.007485326253197663
42,3,0.005942903789447953
42,4,0.014495592871527234
42,5,0.032090475730814715
42,6,0.016832319129043215
42,7,0.00585322412014228
42,8,0.0005737916951538787
42,9,0.011876252360805967
42,10,0.01664811286939982
42,11,0.002380835809020495
42,12,0.01053051618416789
42,13,0.027234766148558024
42,14,0.0015540520934198719
42,15,0.010447050530930388
42,16,0.01897577611634386
42,17,0.004067776650717474
42,18,0.009279741655786955
42,19,0.02261364455302244
42,20,0.01959343662456473
42,21,0.028915312322742782
42,22,0.014833179817734913
42,23,0.02862004243492344
42,24,0.025064605162189786
42,25,0.004708492404727272
42,26,0.004513706199603198
42,27,0.02174358671818839
42,28,0.033826173497056175
42,29,0.009134362327138962
42,30,0.02799559447826086
42,31,0.03493690674183174
42,32,0.02279000645907351
42,33,0.022219081457467146
42,34,0.00023398506376427048
42,35,0.008252780100005883
42,36,0.03587112363753615
42,37,0.017739748474457064
42,38,0.007796460545962435
42,39,0.025715147150422012
42,40,0.017799915147073513
42,41,0.029443671112903615
42,42,0.031976960502189906
42,43,0.034442633869072606
42,44,0.02683689158475711
42,45,0.006044596972222634
42,46,0.0009600731339054393
42,47,0.014185104993247804
42,48,0.010999908724076414
42,49,0.004141016123108739
42,50,0.034422953404338784
43,1,0.009821792671154204
43,2,0.0031516635529788136
43,3,0.01614822245393181
43,4,0.012423453614471603
43,5,0.012854069331682556
43,6,0.034763736906507255
43,7,0.028977682975431344
43,8,0.009868605831903982
43,9,0.0005737916951538807
43,10,0.01589163407256764
43,11,0.028793476715788104
43,12,0.0002924253666716608
43,13,0.008888992644323608
43,14,0.03371531597358194
43,15,0.007108844107314094
43,16,0.01755147933507748
43,17,0.028797568787498038
43,18,0.014323869007843328
43,19,0.011616208073743165
43,20,0.025404884789491388
43,21,0.01105037870089425
43,22,0.048582334439085446
43,23,0.014853208642990627
43,24,0.00029047035144152397
43,25,0.0033392861180873406
43,26,0.017036365787982406
43,27,0.021735610764156647
43,28,0.0034711168366002446
43,29,0.005497819402899678
43,30,0.01780797845474725
43,31,0.02066065392735687
43,32,0.009225459762680967
43,33,0.03465693846810299
43,34,0.0005998254716720844
43,35,0.03784332537952093
43,36,0.01654255564518483
43,37,0.004661478939228058
43,38,0.02125017600770837
43,39,0.004013659429121595
43,40,0.0057528551462596835
43,41,0.02801131166627282
43,42,0.03444263386907265
43,43,0.0308025404206741
43,44,0.029735412938866695
43,45,0.01474632885185767
43,46,0.018650076135961917
43,47,0.02345784820926649
43,48,0.0029438232938365865
43,49,0.03245075166235415
43,50,0.00885260557167782
44,1,0.007104428804146914
44,2,0.018484688871888415
44,3,0.009632213378002477
44,4,0.017789745993776418
44,5,0.015096714790164162
44,6,0.0007087054852945745
44,7,0.038779118618268923
44,8,0.028977682975431334
44,9,0.005853224120142112
44,10,0.011571572151234397
44,11,0.018564895248259997
44,12,0.030435000255632387
44,13,0.0067729751916954925
44,14,0.00022609644358972448
44,15,0.026610887169434976
44,16,0.016930636778468396
44,17,0.007295386977951766
44,18,0.026461102369541665
44,19,0.017115109244312268
44,20,0.04226002339920213
44,21,0.045071906905833965
44,22,0.018636009759831308
44,23,0.019671821652720634
44,24,0.013550682637286376
44,25,0.022035328544151245
44,26,0.02056119068264079
44,27,0.0012361040936057438
44,28,0.017588382135799222
44,29,0.030413457618486607
44,30,0.0018371211480041898
44,31,0.02635438804976541
44,32,0.008793721918327273
44,33,0.012393796223114109
44,34,0.0034203719751822997
44,35,0.007689950073506934
44,36,0.006633680681212713
44,37,0.020052983178436207
44,38,0.008444280056068862
44,39,0.0012878840035460432
44,40,0.014225055948320813
44,41,0.010751817902428646
44,42,0.02683689158475696
44,43,0.02973541293886671
44,44,0.018711977687774613
44,45,0.04234089210260596
44,46,0.03724410392721872
44,47,0.00152114784887747
44,48,0.019992812177164188
44,49,0.010049798400950095
44,50,0.001972201741984551
45,1,0.008662896200734183
45,2,0.0006238789791232383
45,3,0.020126212411732947
45,4,0.012305474553694995
45,5,0.029935109840164408
45,6,0.019112096501925906
45,7,0.0007087054852946338
45,8,0.03476373690650705
45,9,0.01683231912904304
45,10,0.00317996294444972
45,11,0.013213095691078631
45,12,0.025045445073283802
45,13,0.03909789645636626
45,14,0.000331453612451432
45,15,0.009595696227564638
45,16,0.03686697952656079
45,17,0.014594170360512047
45,18,0.004504146741482809
45,19,0.004182712955917243
45,20,0.036782131360654974
45,21,0.012573634938476652
45,22,0.0161613941194693
45,23,0.009767881520445627
45,24,0.0020730365399892216
45,25,0.030772587201839917
45,26,0.003762858662562943
45,27,0.018762802217315116
45,28,0.02570623668828059
45,29,0.010253441584895221
45,30,0.013748908886026133
45,31,0.013704053157033777
45,32,0.004735132063970341
45,33,0.04687103236161259
45,34,0.02068357176829319
45,35,0.02778927272312601
45,36,0.01120037760675841
45,37,0.010416481798053542
45,38,9.069117427370761e-5
45,39,0.0017671164631303511
45,40,0.006286846759714925
45,41,0.013050635866805008
45,42,0.006044596972222678
45,43,0.014746328851857473
45,44,0.042340892102605915
45,45,0.04120975276313564
45,46,0.025211963815521633
45,47,0.006206556459212094
45,48,0.01451476954366408
45,49,0.014430141227174516
45,50,0.001197192829272339
46,1,0.006480549825023796
46,2,0.010304419740578614
46,3,0.0020493821965691396
46,4,0.032271576258120896
46,5,0.016320856265456634
46,6,0.029935109840164387
46,7,0.015096714790164046
46,8,0.01285406933168279
46,9,0.032090475730814624
46,10,0.015190795589198799
46,11,0.0033005868805740996
46,12,0.02187599189181259
46,13,0.0179410162691369
46,14,0.048919689127520635
46,15,0.009924638744674278
46,16,0.007259229809608215
46,17,0.03965821976302978
46,18,0.016049644964946833
46,19,0.0151628753748599
46,20,0.0255036755048083
46,21,0.007871618574290253
46,22,0.04097752621875368
46,23,0.0055834640732406165
46,24,0.026989786084999086
46,25,0.01619943334159904
46,26,0.00855140569811599
46,27,0.030705199444449396
46,28,0.011427861666411123
46,29,0.01845612981623202
46,30,0.0016134904241344593
46,31,0.007870347099768943
46,32,0.024373257286251615
46,33,0.0035546434812087956
46,34,0.01566138766330432
46,35,0.024193999301544596
46,36,0.024006471606285263
46,37,0.008761914397404076
46,38,0.00020508527885430491
46,39,0.00508965393044257
46,40,0.0005926963816146072
46,41,0.00157962582950895
46,42,0.0009600731339055599
46,43,0.01865007613596187
46,44,0.03724410392721846
46,45,0.025211963815521564
46,46,0.002240907623294989
46,47,0.03820558551030824
46,48,0.028216396945126582
46,49,0.005662163971986391
46,50,0.012457939485190014
47,1,0.001641523539844442
47,2,0.009153811000716217
47,3,0.022449783586966653
47,4,0.006064763908330833
47,5,0.03227157625812093
47,6,0.012305474553694965
47,7,0.017789745993776165
47,8,0.012423453614471733
47,9,0.014495592871527175
47,10,0.025609925905790847
47,11,0.0065278993884647345
47,12,0.0038038419235728
47,13,0.03169778456296696
47,14,0.028197108626262624
47,15,0.04658322270956429
47,16,0.012715878981143217
47,17,0.02338458551585062
47,18,0.059325241879372624
47,19,0.013636743495778633
47,20,0.013747637411504865
47,21,0.0029002157754689194
47,22,0.0138732396184197
47,23,0.058199430783307235
47,24,0.012689005808347786
47,25,0.012334206814956767
47,26,0.010742907440287292
47,27,0.0012164651472119973
47,28,0.013457167060063219
47,29,0.0004390703426184598
47,30,0.003163126169563187
47,31,0.03646382001915095
47,32,0.01616012264494804
47,33,0.0068363874120566884
47,34,0.007065071014459998
47,35,0.019444188780145213
47,36,0.004231707297382238
47,37,0.03421786812548464
47,38,0.0037629516412353192
47,39,0.0013795053603700776
47,40,0.00038243300023664876
47,41,0.011497866351284868
47,42,0.014185104993248146
47,43,0.02345784820926646
47,44,0.0015211478488774358
47,45,0.006206556459212061
47,46,0.03820558551030821
47,47,0.03218204578104373
47,48,0.02935297993863051
47,49,0.026244195203142126
47,50,0.00446497114271409
48,1,0.00267326117569241
48,2,0.013786887386232462
48,3,0.013169192712477913
48,4,0.02244978358696664
48,5,0.002049382196569164
48,6,0.0201262124117328
48,7,0.00963221337800253
48,8,0.016148222453931896
48,9,0.0059429037894479005
48,10,0.023158489072261146
48,11,0.0327143547099377
48,12,0.003293893282689561
48,13,0.006452250433552935
48,14,0.029361318145010577
48,15,0.030988348862731618
48,16,0.015939407384105323
48,17,0.03238290109748611
48,18,0.006301802944874905
48,19,0.030414729093007863
48,20,0.014767147784498473
48,21,0.03549249560421466
48,22,0.020122120340022483
48,23,0.004399230263168729
48,24,0.018875437883351498
48,25,0.014253334973538602
48,26,0.0049992662640528
48,27,0.033419459064225485
48,28,0.010650466861817512
48,29,0.008162088925731977
48,30,0.0376382401006669
48,31,0.011452901714742258
48,32,0.005254175320842543
48,33,0.019670550178199228
48,34,0.0030535862952158306
48,35,0.012897220989702269
48,36,0.009232792260945899
48,37,0.009230670053550936
48,38,0.03304344804396887
48,39,0.008470172571441243
48,40,0.013470068093269455
48,41,0.012987912163975842
48,42,0.010999908724076163
48,43,0.002943823293836397
48,44,0.019992812177164018
48,45,0.014514769543663958
48,46,0.0282163969451267
48,47,0.02935297993863047
48,48,0.03020984403905926
48,49,0.028155787109358177
48,50,0.013786255717952027
49,1,0.012145363846388072
49,2,0.006688642887454117
49,3,0.013786887386232516
49,4,0.009153811000716303
49,5,0.010304419740578497
49,6,0.000623878979123152
49,7,0.01848468887188834
49,8,0.0031516635529786163
49,9,0.007485326253197874
49,10,0.01304733259359484
49,11,0.032980281743415336
49,12,0.022458262352811977
49,13,0.0009574268647332334
49,14,0.00924349067002192
49,15,0.0012824971804483126
49,16,0.05065537097907429
49,17,0.045625795844830855
49,18,0.0034723883111214228
49,19,0.022102088335402326
49,20,0.008669870900298094
49,21,0.03198905234905191
49,22,0.017220025722626313
49,23,0.019201872559933407
49,24,0.0225431105187176
49,25,0.026210378434255582
49,26,0.029909031530974153
49,27,0.006867665744976686
49,28,0.011800203078430315
49,29,0.027426843581467596
49,30,0.016451864470910973
49,31,0.00642859540235839
49,32,0.014963329247993568
49,33,0.009036976437683416
49,34,0.0002917418259630138
49,35,0.013264982814415158
49,36,0.007898258233533515
49,37,0.010407212342461723
49,38,0.004523449123345119
49,39,0.02095288531106949
49,40,0.004135306592298098
49,41,0.009027706982091557
49,42,0.004141016123108614
49,43,0.032450751662354234
49,44,0.010049798400949926
49,45,0.014430141227174727
49,46,0.005662163971986255
49,47,0.026244195203142195
49,48,0.028155787109358118
49,49,0.01775190455386914
49,50,0.023690815966644123
50,1,0.004015381711761644
50,2,0.012145363846388141
50,3,0.00267326117569245
50,4,0.001641523539844366
50,5,0.006480549825023853
50,6,0.008662896200734179
50,7,0.0071044288041470244
50,8,0.00982179267115429
50,9,0.010256092357125626
50,10,0.0023364664179564548
50,11,0.0027912402364691133
50,12,0.030643815325458828
50,13,0.019667022116342865
50,14,0.029686388460725546
50,15,0.02891051278636469
50,16,0.028403891280277257
50,17,0.021744858192709722
50,18,0.017221904564553532
50,19,0.01827246988158834
50,20,0.03932399289995579
50,21,0.0269423407818865
50,22,0.007334940550903977
50,23,0.0441623665045127
50,24,0.011866932009029415
50,25,0.021619255985795158
50,26,0.03807731044328503
50,27,0.00828977554517899
50,28,0.031209644698308486
50,29,0.0035104275332512864
50,30,0.0037828011168408887
50,31,0.019962292004162274
50,32,0.01021139651919916
50,33,0.00499896275616872
50,34,0.0011744200815159396
50,35,0.004707220930205731
50,36,0.012090562732899338
50,37,0.012605479163739325
50,38,0.022497775075361007
50,39,0.017128928287084448
50,40,0.04345066038643052
50,41,0.012993621694786269
50,42,0.0344229534043389
50,43,0.0088526055716777
50,44,0.001972201741984548
50,45,0.0011971928292722448
50,46,0.012457939485190207
50,47,0.004464971142713963
50,48,0.013786255717952054
50,49,0.02369081596664412
50,50,0.003965648835917105
