E,r,q1,q2
-0.00026137032176,1,1.0,0.0256417955967
0.000536359381089,1,1.0,0.0590355243582
-0.000656922306721,1,1.0,0.0566599815552
-0.00125758862478,1,1.0,0.0206129458746
0.00175859984457,1,1.0,0.0370568560785
-0.00192208348889,1,1.0,0.122082774635
0.00198010605439,1,1.0,0.0233913392051
0.00238481751947,1,1.0,0.0203196056443
0.00260946165799,1,1.0,0.0148424090965
0.00343729637803,1,1.0,0.0196001844042
-0.00353023371078,1,1.0,0.0421859249717
0.00416332862408,1,1.0,0.0363597777768
0.00456841108276,1,1.0,0.0261547009642
-0.00516402876997,1,1.0,0.0275348281011
0.005252274308,1,1.0,0.0581547023182
-0.00557298197829,1,1.0,0.0835638153078
0.00577158998867,1,1.0,0.0249468137567
-0.00604350859226,1,1.0,0.0204014344447
0.00664670619677,1,1.0,0.0323055060864
-0.00747919559198,1,1.0,0.159236250448
0.00764880674437,1,1.0,0.0265981646909
0.0078510039683,1,1.0,0.0586973639366
0.0080357370803,1,1.0,0.0267445313921
-0.00867187770971,1,1.0,0.027650786296
0.0089135901318,1,1.0,0.0508159558481
-0.000542483269088,2,1.0,0.0926883346232
-0.000755157899096,2,1.0,0.106884708979
0.00131964836597,2,1.0,0.114010109503
0.00182544684046,2,1.0,0.0482116345462
-0.00190534260405,2,1.0,0.0411621170439
0.00242141844353,2,1.0,0.0264456400168
0.00270489446678,2,1.0,0.0451354416638
-0.00387662114296,2,1.0,0.0441477213327
0.00396405730965,2,1.0,0.0439519586203
-0.0051916982899,2,1.0,0.057988206694
-0.00532897895146,2,1.0,0.0566408049494
0.00539024878424,2,1.0,0.0315716875835
-0.00546393699304,2,1.0,0.0691524090134
0.00618979164796,2,1.0,0.022395912388
0.00672258730671,2,1.0,0.03693811514
0.00788176751835,2,1.0,0.0436779140821
-0.007963386778,2,1.0,0.0806269784265
0.0083099025473,2,1.0,0.04497903921
-0.00923175385327,2,1.0,0.0321221735594
0.00932850028462,2,1.0,0.0310094176516
0.00989625620325,2,1.0,0.0310280195535
-0.0100298066666,2,1.0,0.0297730651441
0.0107209369969,2,1.0,0.0429069664559
-0.0115390623568,2,1.0,0.119612633834
-0.0116291323522,2,1.0,0.06210074357
-6.64324420063e-5,3,1.0,0.0346149259823
-0.000549411190298,3,1.0,0.0697785819063
0.000649988361013,3,1.0,0.0371905459884
-0.000794662716013,3,1.0,0.0330379981809
-0.00171348714832,3,1.0,0.107175699502
0.0020228698409,3,1.0,0.0601392491845
0.00246040829275,3,1.0,0.107978958251
-0.00284328097802,3,1.0,0.0456938184459
0.00351220966466,3,1.0,0.136970115215
0.00384862482905,3,1.0,0.0240407692988
-0.00391767928277,3,1.0,0.0627533781834
-0.00404652606007,3,1.0,0.0324084928733
-0.00490816258815,3,1.0,0.0311423940424
0.00521674459442,3,1.0,0.0574569289652
-0.0052290832017,3,1.0,0.0265249400934
-0.00615882128085,3,1.0,0.0485818779519
0.00631209173932,3,1.0,0.0598298437655
0.00658495263643,3,1.0,0.0574700117911
-0.00673097156741,3,1.0,0.0450758869263
-0.00724267566126,3,1.0,0.0274090350427
-0.00753993942142,3,1.0,0.0330280457738
-0.00813111126054,3,1.0,0.110690878428
-0.00912106078033,3,1.0,0.0224553720101
0.00916976274431,3,1.0,0.06059920426
-0.0100526072594,3,1.0,0.0264527344378
0.000117627465949,4,1.0,0.101331750915
-0.000569090804414,4,1.0,0.0298219946905
-0.00126922250557,4,1.0,0.0629684855397
0.0013100933306,4,1.0,0.0377893496206
-0.00151346229185,4,1.0,0.103469985429
0.00162332348064,4,1.0,0.0225183529903
0.00215148724812,4,1.0,0.0260295203254
-0.00216150185143,4,1.0,0.0737823830052
0.0027484186513,4,1.0,0.0244905772616
-0.00342781141779,4,1.0,0.0359928625192
-0.00393959367562,4,1.0,0.0483128556693
-0.00423903352642,4,1.0,0.0398374817826
0.00457918010062,4,1.0,0.0837475186088
-0.00546916400801,4,1.0,0.0224487132695
0.0063755294646,4,1.0,0.0734401942181
0.00717500991181,4,1.0,0.0240643174371
0.00776629279727,4,1.0,0.0296589392188
-0.00791847196073,4,1.0,0.0451205169073
0.00831644453875,4,1.0,0.0151776317734
-0.00883836451921,4,1.0,0.0426919201474
0.00899856878835,4,1.0,0.0925989256631
-0.00945033672035,4,1.0,0.106502214931
0.010735743781,4,1.0,0.11148712228
0.0114014213978,4,1.0,0.0580633469331
-0.0114471210143,4,1.0,0.0433882923986
0.000475660677609,5,1.0,0.0901384011132
-0.000562315507253,5,1.0,0.0836215701791
0.00167636546153,5,1.0,0.0729265029365
0.00212989182157,5,1.0,0.0513172651782
-0.00307534752035,5,1.0,0.0556589398334
0.0036087538241,5,1.0,0.0413434345794
-0.00383297848687,5,1.0,0.0194307172811
-0.00432075649507,5,1.0,0.0513373204289
-0.00466702246453,5,1.0,0.0242809933585
0.00475879466259,5,1.0,0.116479745815
-0.0048364079866,5,1.0,0.0730004428292
0.00515252487,5,1.0,0.0369720087957
-0.00539990526977,5,1.0,0.027809810475
0.00546366033251,5,1.0,0.0885205926601
-0.00597933805127,5,1.0,0.0380309774589
0.0064233143396,5,1.0,0.0581413970879
0.00658476245146,5,1.0,0.0324660938651
-0.00667485169083,5,1.0,0.0453175250411
0.00668249791375,5,1.0,0.0351734230451
0.00713350558289,5,1.0,0.0591906567802
0.00789909756405,5,1.0,0.0700460986458
-0.00817069684192,5,1.0,0.0567505256441
-0.0084023290781,5,1.0,0.0424607863654
0.00859929602753,5,1.0,0.0357794061742
0.00884876888976,5,1.0,0.100120253014
0.000483646772372,6,1.0,0.047967502532
-0.000580966561052,6,1.0,0.120974694819
-0.00123214233275,6,1.0,0.0564540911694
0.00130798479352,6,1.0,0.0401414201385
0.00174518196422,6,1.0,0.0245877326688
-0.00228988437024,6,1.0,0.0452942051938
-0.00240459701456,6,1.0,0.0367291659999
0.00253852398176,6,1.0,0.0220401274444
-0.00292245204228,6,1.0,0.102836676582
0.00301449685121,6,1.0,0.037634447706
0.00355450673222,6,1.0,0.0595481999302
0.00394796609481,6,1.0,0.0304419270525
-0.00414493257609,6,1.0,0.0405036403254
-0.00526832348173,6,1.0,0.0306935968621
0.00666964610854,6,1.0,0.0527375301669
0.00700667877652,6,1.0,0.0404647969435
-0.00782929257092,6,1.0,0.0554899324745
0.00795317884757,6,1.0,0.0554895675109
-0.00805909420157,6,1.0,0.107111211645
-0.00828012201413,6,1.0,0.0417778765514
0.00897526976154,6,1.0,0.102659179656
-0.0091946649911,6,1.0,0.210345565117
-0.00933716021104,6,1.0,0.100459637523
-0.0102889214301,6,1.0,0.0672017977091
0.0104114281103,6,1.0,0.0388370061178
-0.000309419295844,7,1.0,0.0616245485658
0.000384646079081,7,1.0,0.0647947328298
-0.000645840299599,7,1.0,0.078659443917
-0.00104043608698,7,1.0,0.102083797833
0.00215604401754,7,1.0,0.0328576781926
0.00267326020958,7,1.0,0.123320190304
0.00321951034768,7,1.0,0.0704604159161
-0.0040424792182,7,1.0,0.0353839691573
0.0041202412659,7,1.0,0.0397618949343
-0.00451147662774,7,1.0,0.0245127226724
-0.00475239139434,7,1.0,0.0209780155708
0.00552340258431,7,1.0,0.0427366452493
-0.00637001650303,7,1.0,0.0678810733319
0.00672197338642,7,1.0,0.0289585355716
-0.00724776535885,7,1.0,0.0439300664499
0.00786993468712,7,1.0,0.0528372443713
-0.00796751264236,7,1.0,0.0381098736071
0.00806406952824,7,1.0,0.0688259865764
-0.00815729241983,7,1.0,0.0432182483094
0.00932679905554,7,1.0,0.19060156641
-0.0095808751301,7,1.0,0.0237522146525
0.00972893715638,7,1.0,0.0704221994658
-0.00992720933699,7,1.0,0.0294282360759
-0.0107093022251,7,1.0,0.064893170397
0.0109164482877,7,1.0,0.0357813246856
0.000763137161336,8,1.0,0.134298568266
-0.00107348331178,8,1.0,0.0482613111828
0.00146522487203,8,1.0,0.0695377606626
0.00179959819791,8,1.0,0.0307789266366
-0.00192682239067,8,1.0,0.101184147167
0.00226022334014,8,1.0,0.0413829774943
-0.0024098900781,8,1.0,0.186175429922
0.0031483133646,8,1.0,0.0218999652491
-0.00330695802839,8,1.0,0.0364375325105
0.00352898347715,8,1.0,0.138595594081
-0.00355913562834,8,1.0,0.0726982839005
0.003741063192,8,1.0,0.0698233621163
-0.00435535309775,8,1.0,0.0534216475188
0.00438283872094,8,1.0,0.0285689234687
0.00513888071169,8,1.0,0.0268887944179
-0.00526473209782,8,1.0,0.0189109472568
-0.00557645204396,8,1.0,0.0192507116277
-0.00626923262802,8,1.0,0.201940737289
0.00642411652548,8,1.0,0.0777714433902
-0.00660001001855,8,1.0,0.0311197637504
-0.00718882550221,8,1.0,0.0392359114124
-0.00754907913337,8,1.0,0.0431102732039
0.00807042545713,8,1.0,0.0346594736133
0.00848141769031,8,1.0,0.0936469655634
0.00905330482589,8,1.0,0.0204171920557
0.00040691365818,9,1.0,0.0347632043134
-0.000431182489726,9,1.0,0.0948833905076
0.000852080285722,9,1.0,0.103239782883
0.00145463964102,9,1.0,0.0263002950748
-0.00159360867958,9,1.0,0.0246015690545
0.00208877354508,9,1.0,0.0370335324377
0.00294784037247,9,1.0,0.0283900555568
0.00319250626409,9,1.0,0.0505423549085
-0.00342143176406,9,1.0,0.0358871748392
-0.00349752757738,9,1.0,0.0450803618261
0.00374423139803,9,1.0,0.0472461128626
-0.00375716639369,9,1.0,0.075576857973
-0.00413388580196,9,1.0,0.0373823901085
0.00445104337139,9,1.0,0.0330954915302
-0.00491837461707,9,1.0,0.0498743039037
0.00564087707174,9,1.0,0.0286419171254
-0.00614219166261,9,1.0,0.0315001620988
0.00691819494374,9,1.0,0.0399952471421
0.00729201847698,9,1.0,0.0514557203423
-0.00759546513035,9,1.0,0.0265695761223
0.00780041016962,9,1.0,0.112749645112
-0.00824310816376,9,1.0,0.0355381994812
0.00863252141827,9,1.0,0.071513439859
-0.00885793809346,9,1.0,0.0596907548403
0.00917453306041,9,1.0,0.0994740538006
7.65420709875e-5,10,1.0,0.0712979503435
-0.000492304695124,10,1.0,0.106676596771
-0.000649919250914,10,1.0,0.0591131887154
0.00105411527438,10,1.0,0.0423727699151
0.00185649748636,10,1.0,0.0712834551933
-0.00209179744285,10,1.0,0.0614247667681
-0.00257878766441,10,1.0,0.0542581298598
0.0029090889386,10,1.0,0.13502800981
0.00393097982065,10,1.0,0.0647477110315
-0.00522722363636,10,1.0,0.0598351880124
-0.00553520272953,10,1.0,0.0307396310052
0.00555826900248,10,1.0,0.116526454858
0.00595387578232,10,1.0,0.0328121214945
-0.00604776116663,10,1.0,0.0597100260135
-0.00624320390543,10,1.0,0.0546473496637
0.00684596878371,10,1.0,0.089137567782
-0.00703916258125,10,1.0,0.0714639279352
-0.00770418504497,10,1.0,0.0548546138081
-0.00812334335733,10,1.0,0.0765354100691
0.00826129518845,10,1.0,0.148840099135
0.00879894474595,10,1.0,0.0305823730386
-0.00888416703007,10,1.0,0.0656574320831
0.0097584897189,10,1.0,0.201875484527
0.0100301810909,10,1.0,0.0313601682212
-0.0102215772433,10,1.0,0.0338169106764
-0.000225670251332,11,1.0,0.0554714476355
0.000451635837584,11,1.0,0.179580284473
-0.000666066120426,11,1.0,0.128812519634
0.00121781606761,11,1.0,0.059493617989
0.00186634322503,11,1.0,0.159755293572
-0.00210318981814,11,1.0,0.0676862409536
-0.00295727447802,11,1.0,0.0329745266282
-0.00348545463491,11,1.0,0.0895197312459
0.00362600121266,11,1.0,0.0531230099786
-0.00407078558562,11,1.0,0.191238697574
0.00410000857775,11,1.0,0.0834094479948
0.00447932839546,11,1.0,0.0425985946465
-0.00514129642395,11,1.0,0.0908337802443
0.00541798980616,11,1.0,0.0503534242481
0.0056682198077,11,1.0,0.143187088812
0.00792532806545,11,1.0,0.0882981413528
-0.0082859217666,11,1.0,0.0272886667465
0.00839936028327,11,1.0,0.0937365636521
-0.00884489214919,11,1.0,0.0441060149334
0.00895828513746,11,1.0,0.0636237373514
-0.00915060931324,11,1.0,0.0290996453469
-0.0105036455961,11,1.0,0.047315374054
-0.0107775739535,11,1.0,0.0875022559879
-0.010987720269,11,1.0,0.0683629572877
0.011374160362,11,1.0,0.10492077957
9.00117922564e-5,12,1.0,0.064648610493
0.000441752068335,12,1.0,0.0334522163087
0.000546250381566,12,1.0,0.0340812352463
-0.000830092338564,12,1.0,0.0637214674423
-0.00125977609501,12,1.0,0.0718815051802
0.00169116018017,12,1.0,0.0528411820394
0.00264264949038,12,1.0,0.0682586317111
0.00365594948821,12,1.0,0.077965853297
0.00381268877687,12,1.0,0.0329643777292
0.004240410092,12,1.0,0.0657747933365
-0.0042579633754,12,1.0,0.0352129389776
-0.00491240481408,12,1.0,0.0479449187387
0.00525658832037,12,1.0,0.0702478787543
-0.00554042363964,12,1.0,0.0465026222688
-0.00592418202883,12,1.0,0.0396992920592
0.00614541377204,12,1.0,0.0459046034333
-0.00672240816101,12,1.0,0.024376275959
-0.00706359609533,12,1.0,0.0263256442144
0.00769392621355,12,1.0,0.0593328991294
0.00780800207917,12,1.0,0.035613936964
-0.00786695329435,12,1.0,0.0296650004691
-0.00845301589171,12,1.0,0.0340570563664
0.0086471567967,12,1.0,0.0942320886645
-0.00917153214353,12,1.0,0.0268157317578
0.0095581891219,12,1.0,0.0287090756749
0.000200312886345,13,1.0,0.0499241853642
-0.000761205037209,13,1.0,0.0257215980091
-0.00112628821156,13,1.0,0.0782959999528
-0.00177473282263,13,1.0,0.161074549841
0.00194115284062,13,1.0,0.0381326542821
0.00239207434778,13,1.0,0.031613887889
-0.00275376450107,13,1.0,0.0858024400063
0.00286807652596,13,1.0,0.0501494087538
-0.00335648844635,13,1.0,0.108414359974
0.00382393438016,13,1.0,0.0202430667134
0.00406178254162,13,1.0,0.0198677076473
-0.00438334393669,13,1.0,0.0463073783191
0.00500386478152,13,1.0,0.0341401082455
-0.00503385771926,13,1.0,0.0688513961522
0.00529639835643,13,1.0,0.0181777507735
-0.00582271163812,13,1.0,0.048347105658
0.00610919663086,13,1.0,0.110837585224
-0.00615398579349,13,1.0,0.0302677789457
0.00695094383735,13,1.0,0.0722322779237
-0.00770898648829,13,1.0,0.0469790728227
0.00776692108054,13,1.0,0.0390503857891
0.00817122530647,13,1.0,0.125287905143
-0.00820260825925,13,1.0,0.0438810902974
0.00856118492899,13,1.0,0.0446856647362
-0.00915695879003,13,1.0,0.0287777497454
-2.64888757228e-5,14,1.0,0.0460423356488
0.000213321434022,14,1.0,0.0542955901648
0.000422082178205,14,1.0,0.0508168741825
-0.00073011444563,14,1.0,0.14493007671
-0.00131745976861,14,1.0,0.082213760797
0.0017645505603,14,1.0,0.0358308932459
-0.00226351872535,14,1.0,0.0399340393501
0.00238988285511,14,1.0,0.0451237157968
0.00323652734504,14,1.0,0.144661068321
-0.00324457508052,14,1.0,0.0361287521743
-0.00355451926049,14,1.0,0.0441045115902
-0.00423379184532,14,1.0,0.295337919084
0.0043656525154,14,1.0,0.0947816959245
-0.00510465352438,14,1.0,0.0293258865362
0.00511184377313,14,1.0,0.154320466908
-0.0055985192636,14,1.0,0.0738253385691
-0.00589383420108,14,1.0,0.0227607917167
0.00680400347862,14,1.0,0.0562477775425
0.00718466860923,14,1.0,0.0823081269196
-0.00730144280207,14,1.0,0.0793322117804
-0.00789602999753,14,1.0,0.0610061973452
0.00843475606501,14,1.0,0.183960065241
0.00864593096165,14,1.0,0.0675922103049
-0.00872073479548,14,1.0,0.080549860012
0.00902645509647,14,1.0,0.0528321632253
-0.000106543197777,15,1.0,0.0460578096073
0.000450580467441,15,1.0,0.0405533160614
-0.00060222855271,15,1.0,0.0575121594642
0.0009554641005,15,1.0,0.0551626185846
0.00148783577803,15,1.0,0.104480475782
0.00180007074204,15,1.0,0.0390915749841
-0.00214701430411,15,1.0,0.104717770074
0.00247707705031,15,1.0,0.0320232306256
0.00287886579945,15,1.0,0.114513213965
-0.0029225295609,15,1.0,0.12531791114
-0.00426379963319,15,1.0,0.0605377602643
-0.004569359367,15,1.0,0.0360285975238
0.00501682350874,15,1.0,0.0510778966085
-0.00525797046524,15,1.0,0.0433007968988
0.00550425905359,15,1.0,0.0660058170578
-0.0061391397487,15,1.0,0.0705350537505
-0.00643481868143,15,1.0,0.0456497926432
0.00679690670222,15,1.0,0.0386141041952
0.00709139227373,15,1.0,0.0404909568809
-0.00715698654909,15,1.0,0.022355510384
-0.00771202118322,15,1.0,0.0245983158792
-0.00810312329955,15,1.0,0.0261460264206
0.00832385503561,15,1.0,0.020078341734
-0.00844820125141,15,1.0,0.0361439750331
0.00890110095536,15,1.0,0.0457946147173
5.07149830223e-6,16,1.0,0.0528842575685
0.00043932879233,16,1.0,0.0601975913749
-0.000564690253891,16,1.0,0.0658593812431
-0.00146754762194,16,1.0,0.0278777779144
0.00175141413624,16,1.0,0.0925176875337
-0.00181096092213,16,1.0,0.0180088409721
0.00212324596293,16,1.0,0.158398239385
-0.00214359474925,16,1.0,0.0748180071754
-0.00256172639891,16,1.0,0.0174344896036
0.00293650222796,16,1.0,0.0299046785305
-0.00297034423951,16,1.0,0.0216964276565
-0.00301719741731,16,1.0,0.0398921570655
-0.00368988509353,16,1.0,0.0667832641666
-0.00401154521098,16,1.0,0.0347539858156
-0.00532600441225,16,1.0,0.0604317171934
0.00557900550773,16,1.0,0.0263268051295
-0.00645402614419,16,1.0,0.249760782035
0.0066991811635,16,1.0,0.069476022126
0.0071283592968,16,1.0,0.0323263648756
-0.00724167640477,16,1.0,0.055918542956
-0.00757470190253,16,1.0,0.0335202618453
0.00780449998376,16,1.0,0.027257593297
0.00824713692006,16,1.0,0.135773562511
-0.00914195875367,16,1.0,0.02556311449
0.00915017725856,16,1.0,0.0405773986435
-0.000828994069532,17,1.0,0.0392558775742
-0.00113619545981,17,1.0,0.0400542835418
0.00169544047091,17,1.0,0.0374979432567
0.00239309345922,17,1.0,0.292503150839
-0.00262195785407,17,1.0,0.0399794253907
0.00303051196615,17,1.0,0.0348235005258
0.00354980584857,17,1.0,0.167923141948
-0.00374851515469,17,1.0,0.039256299437
0.00385534142105,17,1.0,0.0359693386833
0.00463219736246,17,1.0,0.0339368465201
0.00495003814857,17,1.0,0.0414163479909
-0.00499818707456,17,1.0,0.11010025875
-0.0053236268203,17,1.0,0.0746950907845
0.00575389940444,17,1.0,0.0343109980071
0.00617470323259,17,1.0,0.0823638813647
0.00656602506648,17,1.0,0.0469736679759
-0.00658898973283,17,1.0,0.0954230464193
-0.00714461887758,17,1.0,0.0404148823487
0.00801375811254,17,1.0,0.0723988599562
-0.00807378852527,17,1.0,0.0307591644261
-0.00847052925678,17,1.0,0.0236756809463
0.00889133141001,17,1.0,0.0573706500123
-0.00911712675769,17,1.0,0.161932591547
-0.00989676199907,17,1.0,0.123651706579
-0.0106063914866,17,1.0,0.0749554046445
0.000203121181601,18,1.0,0.0429655602103
-0.000524051592221,18,1.0,0.0363291971809
0.000824642909086,18,1.0,0.0361802674612
-0.00123251213783,18,1.0,0.027304203785
-0.00175542852107,18,1.0,0.0629330560484
-0.00234613767913,18,1.0,0.0523152742586
0.00311319893093,18,1.0,0.0524717457768
-0.00341776720584,18,1.0,0.0245269473539
0.00376714713672,18,1.0,0.0299410182842
-0.00392098880156,18,1.0,0.0218842568493
0.00409771448368,18,1.0,0.0770630178638
-0.00440450344099,18,1.0,0.0748842821588
0.00467818666592,18,1.0,0.0600868314052
-0.005183691811,18,1.0,0.024894252694
0.00549711641122,18,1.0,0.0500842876058
-0.00602901111196,18,1.0,0.0228562497899
0.00618933867232,18,1.0,0.0535142114434
-0.00629986404636,18,1.0,0.0146828856568
-0.00646612863127,18,1.0,0.0243825438594
-0.00687723553951,18,1.0,0.0312814754861
-0.00720670859575,18,1.0,0.0293229617313
0.00729066012376,18,1.0,0.0323893858707
-0.00788062251118,18,1.0,0.0967203475952
-0.00862333409347,18,1.0,0.104615873798
0.0086530019869,18,1.0,0.0915985839045
0.000324966501643,19,1.0,0.0152922955349
-0.000683966628047,19,1.0,0.0235514023361
0.000848131025961,19,1.0,0.0342160703928
-0.0011321644816,19,1.0,0.0208231919881
0.00167510420908,19,1.0,0.0249634873236
-0.00168656816943,19,1.0,0.0388823937254
-0.00213233883398,19,1.0,0.0572866754594
0.00239024593247,19,1.0,0.0162755194482
0.00349929645294,19,1.0,0.0268186504767
-0.00365529136357,19,1.0,0.0591141468503
0.00383618607604,19,1.0,0.0306520924472
0.00420813571653,19,1.0,0.0406153909662
0.0045201555875,19,1.0,0.0544869713458
-0.00465261047609,19,1.0,0.066423619707
0.00501479890251,19,1.0,0.103336143583
0.00606637389247,19,1.0,0.0477302134755
-0.00611175007888,19,1.0,0.0629805951605
0.00629708861733,19,1.0,0.0515168195328
0.00671223720523,19,1.0,0.052406954849
-0.00676760743438,19,1.0,0.0287788220274
-0.00753557812071,19,1.0,0.0957564277379
-0.00766601454578,19,1.0,0.0405987581334
0.00795911775366,19,1.0,0.0327903229852
0.00821273942027,19,1.0,0.0302243308094
-0.00840420168248,19,1.0,0.104613497554
-4.11530737348e-5,20,1.0,0.0492801441404
-0.000200329473111,20,1.0,0.0400899363684
-0.000614408319715,20,1.0,0.0439803617357
-0.000898698724721,20,1.0,0.039540471981
0.00109903319568,20,1.0,0.0432747234618
-0.00127391788855,20,1.0,0.0335756907108
-0.00295671657538,20,1.0,0.0336284292849
-0.00315149034639,20,1.0,0.123960051445
0.00322727614727,20,1.0,0.0734686629822
0.00433880094254,20,1.0,0.0439214873776
-0.00457074541907,20,1.0,0.0528105552859
0.00511064833967,20,1.0,0.104516679134
-0.00526146019113,20,1.0,0.0569618382504
-0.00579904520626,20,1.0,0.0907073117597
0.00644677196978,20,1.0,0.146108804191
-0.00704303009608,20,1.0,0.0259163792283
0.00717464168531,20,1.0,0.0371438636709
-0.00802985162165,20,1.0,0.0501869101936
0.00817907594798,20,1.0,0.0306469499454
-0.00871860145304,20,1.0,0.0494346642002
0.0089928921539,20,1.0,0.0260285154322
-0.00920628293145,20,1.0,0.0384767112824
0.00945206794005,20,1.0,0.0278389708895
0.00951540258003,20,1.0,0.0343853088927
-0.00999022935031,20,1.0,0.0334631648705
8.97155669603e-5,21,1.0,0.0384131586795
-0.000922291185843,21,1.0,0.069785484564
-0.00117528197056,21,1.0,0.030840660641
0.00172805209971,21,1.0,0.0468571828428
-0.00186287992701,21,1.0,0.0742039083893
-0.00218332936161,21,1.0,0.133600995826
0.00221724959884,21,1.0,0.0271272899318
0.0030775216435,21,1.0,0.0552754138202
0.00371520131135,21,1.0,0.0382155207065
-0.00399615077203,21,1.0,0.0331572032924
0.0050112300355,21,1.0,0.0365128817129
0.00510183620061,21,1.0,0.0359458688748
-0.00535344930571,21,1.0,0.0477991534128
0.00586996630975,21,1.0,0.0363682710514
0.00609131905849,21,1.0,0.0311727066274
-0.00649446963642,21,1.0,0.0309366753329
-0.00741677455433,21,1.0,0.0410419259726
-0.00761613315839,21,1.0,0.0322328718215
0.00768855330945,21,1.0,0.0506069755866
0.00881245556518,21,1.0,0.0350695860129
-0.00881305867297,21,1.0,0.0380467689803
-0.00952228100282,21,1.0,0.0283990838561
-0.00978148895868,21,1.0,0.0608316723694
0.0101485369989,21,1.0,0.0425817917968
0.0107417863431,21,1.0,0.0170541140497
0.00114611021373,22,1.0,0.0246895857232
-0.00122053092348,22,1.0,0.303679721886
0.00136024446902,22,1.0,0.0551189705065
0.00164024567647,22,1.0,0.0581759186967
-0.00175404393863,22,1.0,0.116013226095
0.00193043765888,22,1.0,0.0354088628554
-0.00205348574949,22,1.0,0.0569100500327
-0.00265904951254,22,1.0,0.0315542530534
0.00349162963964,22,1.0,0.0324572735857
-0.00362955822803,22,1.0,0.043410636215
0.0038487074687,22,1.0,0.157415272456
-0.00399811797392,22,1.0,0.0529420767085
0.0040894026428,22,1.0,0.0281509661717
0.00469174794889,22,1.0,0.0307615058751
0.00540581176079,22,1.0,0.0388355543018
0.00565653538436,22,1.0,0.0207565381853
-0.00580970264996,22,1.0,0.062304256525
-0.00632313350881,22,1.0,0.0331523496525
0.00641183538228,22,1.0,0.0191411955731
-0.00672062476522,22,1.0,0.0452733956131
0.00681238553305,22,1.0,0.0256922604846
0.00738365940444,22,1.0,0.0286518890133
-0.00776370575542,22,1.0,0.0381355299482
-0.00812261690827,22,1.0,0.0259840168262
-0.00875373279593,22,1.0,0.0232696036082
0.00041502182105,23,1.0,0.0866158970068
-0.000684617214193,23,1.0,0.34355750869
0.00077391013911,23,1.0,0.0926163894769
0.00103303635864,23,1.0,0.085010485593
-0.00146992164562,23,1.0,0.0533585051374
-0.00187388258118,23,1.0,0.0890295213916
0.0026692931263,23,1.0,0.0599427388767
0.00294671487289,23,1.0,0.0627047283036
0.00386361490905,23,1.0,0.0295297208882
0.00419249684352,23,1.0,0.0259351127226
-0.00423385134052,23,1.0,0.0261730687993
-0.00567663685816,23,1.0,0.0619426736256
0.00569530812781,23,1.0,0.0634246388781
0.00598050802965,23,1.0,0.0419701548436
0.00634714445816,23,1.0,0.025817360134
0.00679702591405,23,1.0,0.0560022857389
-0.00716600383897,23,1.0,0.0258988517474
-0.00762895445064,23,1.0,0.0269312761431
0.00779544925185,23,1.0,0.0213481397288
-0.00819847996952,23,1.0,0.0373249675296
0.0083564208828,23,1.0,0.059799474001
0.00871441054695,23,1.0,0.0501171509479
-0.00874361440491,23,1.0,0.0223899837525
0.00907192055458,23,1.0,0.0700169924552
-0.00937139996062,23,1.0,0.0252815739132
-4.14285209466e-5,24,1.0,0.0755925404017
0.000304746564848,24,1.0,0.0447798954538
-0.000749358155076,24,1.0,0.102334558343
-0.000969175770404,24,1.0,0.0588908483783
0.000972116805604,24,1.0,0.035888590246
-0.00142323181015,24,1.0,0.0814114205994
-0.00175383937174,24,1.0,0.0317487831607
-0.00232392621786,24,1.0,0.0379511055601
0.00262380975963,24,1.0,0.0310553983616
-0.00344540544292,24,1.0,0.0963898643783
0.00386653423484,24,1.0,0.0439526101879
-0.00490378139965,24,1.0,0.0452926672814
0.00505127795416,24,1.0,0.0702208175032
0.00587032836319,24,1.0,0.0301662030533
-0.00596947392915,24,1.0,0.0635718389726
0.00646852009354,24,1.0,0.0702052486098
-0.00659534033748,24,1.0,0.03999927912
0.00685662833381,24,1.0,0.019804970609
0.0072542176961,24,1.0,0.0622517130669
-0.00768107408178,24,1.0,0.0649670475597
-0.00773345349654,24,1.0,0.0763865538526
-0.00852574735076,24,1.0,0.206110324984
0.00884390544418,24,1.0,0.0629263258408
-0.00925961791461,24,1.0,0.0729452815848
0.00972190550713,24,1.0,0.036474499034
0.000386966182289,25,1.0,0.0490084076197
-0.000582329908915,25,1.0,0.0345516995837
0.000708560127202,25,1.0,0.0302006588775
0.00121796903087,25,1.0,0.0283125779496
-0.00136145267251,25,1.0,0.11981506747
-0.00184302951351,25,1.0,0.0775267424686
0.00200087476233,25,1.0,0.0253934186687
-0.00208004930159,25,1.0,0.0414635102065
-0.00274429428058,25,1.0,0.0289238057542
0.0030008329218,25,1.0,0.0297020001724
0.00355833273442,25,1.0,0.0905829071863
-0.0036785999114,25,1.0,0.0646199319817
-0.00458682870529,25,1.0,0.0333608130241
0.0046045354528,25,1.0,0.0248724712836
-0.0047675646634,25,1.0,0.0291437311228
0.00479695279596,25,1.0,0.0394474395588
0.00522384457504,25,1.0,0.0298538628729
-0.00537798787607,25,1.0,0.057132422067
0.00690138231277,25,1.0,0.0542827851615
0.00790854271606,25,1.0,0.0395027395827
-0.00812309018664,25,1.0,0.0662009888558
0.00822635983117,25,1.0,0.0764614478333
0.00831204034414,25,1.0,0.0410841486351
0.0098183817233,25,1.0,0.0602518480067
-0.0101557064064,25,1.0,0.040794017942
3.62254225372e-5,26,1.0,0.0211722327223
-6.86537114924e-5,26,1.0,0.0429783810697
0.000279687065085,26,1.0,0.0246472473551
-0.000715425261278,26,1.0,0.0201432577721
-0.00100488645993,26,1.0,0.0934099948885
0.0012262015373,26,1.0,0.0463955379796
-0.00150305410681,26,1.0,0.0169290925382
0.00187539442307,26,1.0,0.0979566445697
-0.00212855572156,26,1.0,0.0193570082128
0.00232994858118,26,1.0,0.0237267970122
-0.00243863596078,26,1.0,0.0516604195452
-0.00289570699544,26,1.0,0.0229546435105
0.00368525025231,26,1.0,0.0433110307603
-0.00376658688413,26,1.0,0.0324720564904
-0.00398788523765,26,1.0,0.0223564566632
-0.00484267115842,26,1.0,0.0196081098834
-0.0056227537251,26,1.0,0.0344716397172
0.00619337582205,26,1.0,0.134571707921
0.00648679559003,26,1.0,0.070044378777
0.00744648703107,26,1.0,0.085016771016
-0.00800720472711,26,1.0,0.0605189428637
0.0080091884827,26,1.0,0.0899114631825
-0.00880386050711,26,1.0,0.0575099328407
0.00882017157632,26,1.0,0.0930573571813
0.00942868113455,26,1.0,0.0318080357233
0.00068431290668,27,1.0,0.203423871571
-0.00072116161636,27,1.0,0.0434711755631
0.00112347275621,27,1.0,0.0418954001769
-0.00113188053817,27,1.0,0.0771304769466
0.00211449227022,27,1.0,0.0311232569475
-0.00250588224115,27,1.0,0.0501309673416
0.00288691472649,27,1.0,0.0296382003541
-0.00338460533929,27,1.0,0.0528813551916
0.0038097636714,27,1.0,0.0982498671047
-0.0042305567573,27,1.0,0.142831846744
0.004378166331,27,1.0,0.0488162391459
0.00463302714034,27,1.0,0.0958780801341
0.00534310240518,27,1.0,0.0405727501964
0.00555542528946,27,1.0,0.158502186212
-0.00630188783178,27,1.0,0.0484812033957
0.00657586309818,27,1.0,0.0523390788814
-0.00670204782182,27,1.0,0.164368273181
-0.00738218119271,27,1.0,0.0373874298943
0.00899551575597,27,1.0,0.13135738925
0.00973792075341,27,1.0,0.0419058843707
-0.0101202674094,27,1.0,0.0364028295742
-0.0105686455728,27,1.0,0.0397139086785
-0.0111253992754,27,1.0,0.0535661023181
0.0113764367306,27,1.0,0.0382425761868
-0.0115540758098,27,1.0,0.0321621336077
-9.04776965013e-5,28,1.0,0.0309036356004
0.000811558398053,28,1.0,0.0788212815309
-0.000820005801783,28,1.0,0.0231207012125
-0.00150136658559,28,1.0,0.0367341724393
0.001955974708,28,1.0,0.0485186020655
-0.00232135310515,28,1.0,0.0216465230712
0.00300340962795,28,1.0,0.0483447694728
-0.00322515778725,28,1.0,0.0266039961905
-0.00360061827854,28,1.0,0.0346992896179
0.0038741089301,28,1.0,0.0536212316904
-0.00430932670538,28,1.0,0.0509702728814
0.00436393182503,28,1.0,0.0433939520768
-0.0045121548266,28,1.0,0.0618241039331
0.00564600930673,28,1.0,0.0359539714887
0.00593068006404,28,1.0,0.0267150722799
-0.0061005436276,28,1.0,0.030123143954
-0.00671983687738,28,1.0,0.0412475964145
0.00689801145016,28,1.0,0.0478414863822
0.00764860914831,28,1.0,0.0465482321
-0.00814622341643,28,1.0,0.0517187345356
0.00823029513358,28,1.0,0.0359346191073
-0.00849541450327,28,1.0,0.158574441816
0.00875075385711,28,1.0,0.0262561474594
0.00916178591315,28,1.0,0.0338489513207
-0.00928611316135,28,1.0,0.0486659613315
-0.000581376976448,29,1.0,0.0325341048287
-0.000842576064725,29,1.0,0.0583769549814
0.000893573640144,29,1.0,0.112911189439
-0.00134868816472,29,1.0,0.048013305355
0.00140481245579,29,1.0,0.0418974908338
-0.00239103821158,29,1.0,0.052005454112
0.00243973374809,29,1.0,0.102135903307
0.00300683996847,29,1.0,0.0278090244975
0.00326879121293,29,1.0,0.0339771636634
0.00372724595603,29,1.0,0.141688141855
-0.00447742500885,29,1.0,0.0432582237013
0.00453285328149,29,1.0,0.0851713356949
0.0052353014913,29,1.0,0.05061742375
-0.00557369483553,29,1.0,0.031999376471
0.00577890195151,29,1.0,0.0337875014052
-0.00618107062899,29,1.0,0.0209748632231
0.00652655920065,29,1.0,0.0541003630426
0.00685406374439,29,1.0,0.0372648135923
0.0072740350677,29,1.0,0.0517334662158
0.00768943435409,29,1.0,0.0311524736648
-0.00781909597274,29,1.0,0.0182714278841
-0.00794796236442,29,1.0,0.0187126366853
-0.00931895421028,29,1.0,0.0613742585332
0.00943202330188,29,1.0,0.0282837728114
0.00971476880095,29,1.0,0.0298587511874
0.000237391577123,30,1.0,0.051654269007
-0.00086813632002,30,1.0,0.0965104179505
0.00104196179917,30,1.0,0.0482111013916
-0.00141311264718,30,1.0,0.0315569492332
0.00149455410554,30,1.0,0.0521774274847
-0.00229908798349,30,1.0,0.0259472545219
0.00256420485085,30,1.0,0.0296322291592
0.00300875290901,30,1.0,0.0343199779127
-0.00358709928563,30,1.0,0.0235843338683
0.00384145604417,30,1.0,0.0269547960142
0.00427167559218,30,1.0,0.0565929945559
-0.00427604841696,30,1.0,0.0344148930632
0.00508376391296,30,1.0,0.0267877708877
0.00598642489786,30,1.0,0.038710022446
-0.00650216735654,30,1.0,0.086146443969
0.006867657598,30,1.0,0.0355051312071
-0.00696950638183,30,1.0,0.0551238068371
0.0072311054442,30,1.0,0.0221427082828
-0.00736509882082,30,1.0,0.0216721203988
0.0077878386432,30,1.0,0.0214641659463
-0.00783103867824,30,1.0,0.0430521801105
-0.00810860180508,30,1.0,0.0433609494638
0.0092635025619,30,1.0,0.0258211260986
-0.00932339891032,30,1.0,0.0547134139073
0.00978911889231,30,1.0,0.0255495811588
0.000225782228394,31,1.0,0.0240942502576
-0.000291619108142,31,1.0,0.108937500874
0.00101886032904,31,1.0,0.0793297963375
0.00118203131308,31,1.0,0.0537328545451
0.00197898139582,31,1.0,0.0484359897477
-0.00231033450425,31,1.0,0.0364019202171
-0.00318227981343,31,1.0,0.0507796708909
-0.00352143107563,31,1.0,0.0282450654924
0.00367449333696,31,1.0,0.0705050566149
-0.00455002226752,31,1.0,0.0434099205228
0.00462111697365,31,1.0,0.0410775886085
0.00494658857912,31,1.0,0.0270673591732
-0.00506730021825,31,1.0,0.0401552902255
-0.00536521150534,31,1.0,0.0628264176807
-0.00551254711364,31,1.0,0.0919560726708
-0.00588934580869,31,1.0,0.0695792253719
0.0063346239258,31,1.0,0.0343792145641
-0.00696216871388,31,1.0,0.0836641360852
0.00706110513478,31,1.0,0.0576047959935
-0.00744086961209,31,1.0,0.0358762414309
-0.0079230901758,31,1.0,0.0427702955359
-0.0082614826319,31,1.0,0.0301084179888
0.00828528585939,31,1.0,0.0476021120309
-0.00851405710788,31,1.0,0.0275259992568
0.00916539955439,31,1.0,0.0647553253373
0.000573523765518,32,1.0,0.0845380788344
0.00104249908673,32,1.0,0.0792374059218
0.00127134568207,32,1.0,0.0699115439713
-0.00190787429202,32,1.0,0.0510139015717
-0.00232185706562,32,1.0,0.0280750454604
-0.00250565232203,32,1.0,0.0268675318898
0.00318131328271,32,1.0,0.0298084235896
0.00357314634682,32,1.0,0.0289950407486
-0.00372290287975,32,1.0,0.0582791599907
0.00466290291445,32,1.0,0.0188349619078
-0.00470478315384,32,1.0,0.0409572612523
-0.00496589943037,32,1.0,0.0354250505928
0.00512427263094,32,1.0,0.0215754781265
-0.00530171817925,32,1.0,0.0670083396336
0.00549613722124,32,1.0,0.0275153751297
0.00604427322494,32,1.0,0.0329274419117
0.00625869437664,32,1.0,0.0778669651724
-0.00649461048373,32,1.0,0.0791442506413
0.00683621983259,32,1.0,0.0209084828516
0.00733441332787,32,1.0,0.12673118055
-0.00752798572509,32,1.0,0.0511681230914
0.00786825005587,32,1.0,0.0158401678983
-0.00824698755831,32,1.0,0.0430871707754
0.00906651390556,32,1.0,0.0250223009661
-0.00955813668942,32,1.0,0.0520341842538
0.000107560401971,33,1.0,0.0313226130941
-0.00013573403417,33,1.0,0.0290572483241
0.000655805609431,33,1.0,0.0807677028902
-0.000987618531927,33,1.0,0.11645637584
0.00161989424015,33,1.0,0.056405037075
0.00205940296159,33,1.0,0.0220799582737
-0.00220104863951,33,1.0,0.107436278947
0.00247739748563,33,1.0,0.0290204418985
-0.00271450854107,33,1.0,0.0549753404898
0.00309274612156,33,1.0,0.0741818422956
0.00395846386209,33,1.0,0.0841656612001
-0.00436079123948,33,1.0,0.0437579637758
0.00564203763085,33,1.0,0.0390567934348
-0.00570038219165,33,1.0,0.0505514406229
-0.00660183940711,33,1.0,0.0706560806004
0.00663748453735,33,1.0,0.113608600445
0.00736934956549,33,1.0,0.0544690168199
-0.00795976604788,33,1.0,0.0416515536429
-0.00825188742917,33,1.0,0.0309180219269
0.00858635310522,33,1.0,0.0625486177255
0.00892926723159,33,1.0,0.143821686547
-0.00983121109083,33,1.0,0.0277348917298
-0.0102893123975,33,1.0,0.095574499017
0.0112714432441,33,1.0,0.0958482475649
-0.0113615184652,33,1.0,0.0270925635169
7.18802661026e-5,34,1.0,0.103118552018
-0.000306399941073,34,1.0,0.0503368809065
-0.00124862640571,34,1.0,0.0860360822638
0.00125178160991,34,1.0,0.0397688290901
-0.00303191822528,34,1.0,0.0372581990271
0.00306647418593,34,1.0,0.0519118970871
-0.00349923373088,34,1.0,0.166702540693
-0.00378085877109,34,1.0,0.0321461168506
0.0040852700274,34,1.0,0.100099007957
-0.0044275205185,34,1.0,0.0298101858329
-0.0050275187687,34,1.0,0.0257965649912
0.00512681894755,34,1.0,0.182503257669
-0.00601821339743,34,1.0,0.0367828371011
0.00605199694667,34,1.0,0.0373453891639
-0.0065296677234,34,1.0,0.0519873639291
0.00675920125054,34,1.0,0.0415526494204
0.00733577682346,34,1.0,0.0592613889415
-0.00734695307978,34,1.0,0.0466184990507
0.00777193304941,34,1.0,0.155373694001
-0.00811373750453,34,1.0,0.0361848238459
0.0084317350626,34,1.0,0.0623787521706
-0.00858546583954,34,1.0,0.0201543420386
0.0090456780376,34,1.0,0.0320764593425
-0.00928825850307,34,1.0,0.0993490070271
0.00944097783749,34,1.0,0.307566703381
-0.00036147395157,35,1.0,0.02766278465
0.000514058503629,35,1.0,0.0599944651757
0.00095818795711,35,1.0,0.0194563725708
-0.00103195140737,35,1.0,0.0175883570145
-0.00228167615967,35,1.0,0.0351437199531
0.0023297619091,35,1.0,0.0888050198008
0.00267853986084,35,1.0,0.0375110419186
0.002992576851,35,1.0,0.0173624578611
-0.00309708485852,35,1.0,0.0195475460006
0.00341967772987,35,1.0,0.0181326508984
-0.00354928510036,35,1.0,0.0390856915642
0.0039154768816,35,1.0,0.0948236635728
-0.00427865109674,35,1.0,0.0201125838157
0.00428728382226,35,1.0,0.035094213112
0.00477888410756,35,1.0,0.0416970428061
0.0049940141461,35,1.0,0.0561620708317
-0.00506680847388,35,1.0,0.0272715773452
0.00588142576279,35,1.0,0.0228728288996
-0.00592975658857,35,1.0,0.0302111043962
0.00636733709257,35,1.0,0.0190612866346
-0.00683910903355,35,1.0,0.0735753713576
0.00744177173637,35,1.0,0.0614641379365
-0.00831968644665,35,1.0,0.0769507257043
-0.00854549694194,35,1.0,0.0308243031386
-0.00974917050751,35,1.0,0.023129585046
1.5069063204e-5,36,1.0,0.0693979000814
0.000976874807679,36,1.0,0.119546198543
0.00164587638,36,1.0,0.0503761938069
-0.00255373831427,36,1.0,0.046557514393
-0.00303911083773,36,1.0,0.0489444430874
-0.00328935555139,36,1.0,0.0747727899053
0.0033585554178,36,1.0,0.0757945933644
-0.00427654004218,36,1.0,0.0936535048909
0.00439222388536,36,1.0,0.0903515766486
-0.0050956720657,36,1.0,0.0696940739347
0.00535583560523,36,1.0,0.0568659717984
-0.00575119426777,36,1.0,0.038611409477
-0.00639399310318,36,1.0,0.0708721940518
-0.00674160406297,36,1.0,0.0324531730171
0.00778906746787,36,1.0,0.041855992746
-0.00790046978447,36,1.0,0.0582307264336
0.00813613386998,36,1.0,0.0441725696138
0.00910390654854,36,1.0,0.039923623344
-0.00926063675236,36,1.0,0.0685280401756
0.00926530471703,36,1.0,0.0723726496287
-0.00960806812158,36,1.0,0.0470354449047
0.00983340735731,36,1.0,0.0320287949501
-0.0103546274453,36,1.0,0.0637717300535
0.0104696845009,36,1.0,0.0440349328318
-0.0106085692954,36,1.0,0.0457218925274
-0.000233009158013,37,1.0,0.0785388990006
-0.000424258787231,37,1.0,0.0250530740269
0.000485730377712,37,1.0,0.312455448625
-0.000993375181779,37,1.0,0.028050843445
0.00162614470713,37,1.0,0.162779735495
0.00205819645932,37,1.0,0.0400785294812
-0.00268487445437,37,1.0,0.0863701123661
0.00314580669922,37,1.0,0.0189410825642
0.00376142552643,37,1.0,0.0168012692686
0.00404347952368,37,1.0,0.0467681190653
-0.00423345869738,37,1.0,0.240968685517
0.00431588834764,37,1.0,0.0208519127065
0.00515690403181,37,1.0,0.0925353471353
-0.00579393542,37,1.0,0.0220625696766
0.00584582733067,37,1.0,0.0184861508152
-0.00603757889416,37,1.0,0.0257703423664
0.00621531799738,37,1.0,0.0403740418865
-0.00666363243152,37,1.0,0.0570769890332
0.00693464794164,37,1.0,0.0378146717202
-0.00709305791403,37,1.0,0.0555544370986
0.00746963685611,37,1.0,0.0215945179301
-0.00765517093023,37,1.0,0.0586241500396
-0.0079644694647,37,1.0,0.0381077202214
0.00800081272257,37,1.0,0.0538943121603
0.00850542232064,37,1.0,0.0546359186729
0.000192814250566,38,1.0,0.0421443154923
-0.0002549105286,38,1.0,0.0275766669217
-0.000686702819982,38,1.0,0.0395710869096
0.00095157964802,38,1.0,0.0186675463707
-0.00125417558241,38,1.0,0.0328222570712
0.00154103761915,38,1.0,0.0261782628981
0.00181116225004,38,1.0,0.0226878234812
-0.00222794127573,38,1.0,0.0514255527387
0.0027973964658,38,1.0,0.0264814923331
-0.00308880826889,38,1.0,0.0430024635841
0.00329593200519,38,1.0,0.104102320667
-0.0036060251327,38,1.0,0.128576995116
0.00360907240537,38,1.0,0.0230462760116
0.00520237918198,38,1.0,0.0276727399076
-0.00532021405126,38,1.0,0.0187250757708
-0.00544909933304,38,1.0,0.0247718118294
0.0058890921379,38,1.0,0.0220256386117
-0.00590646015492,38,1.0,0.0173504909074
-0.00616526743679,38,1.0,0.0215775906802
0.00674255144302,38,1.0,0.0374146638795
-0.00738714089643,38,1.0,0.032419733793
0.00760162404956,38,1.0,0.0396013721786
-0.00791875352674,38,1.0,0.0654891871129
-0.00853410421161,38,1.0,0.0276237742312
-0.00913900371876,38,1.0,0.0768388477191
4.18019097508e-5,39,1.0,0.0307250875146
0.000255218361765,39,1.0,0.0327071565741
0.000612291317691,39,1.0,0.0286013933423
0.00181806859581,39,1.0,0.0309653009428
0.00241995725253,39,1.0,0.0305742456896
-0.0024447644552,39,1.0,0.10761544419
0.00296126701933,39,1.0,0.0268970157276
0.00366366412681,39,1.0,0.0874466549337
-0.00373206019524,39,1.0,0.0225181937693
-0.0042740583607,39,1.0,0.0282217624561
0.00443106276186,39,1.0,0.0242898592345
-0.00458724903354,39,1.0,0.0243857896497
0.00484648766772,39,1.0,0.0205917572776
0.00517508503702,39,1.0,0.0351176584188
-0.00527931746013,39,1.0,0.0396116712644
0.00593106207465,39,1.0,0.0289197336821
-0.00621828678331,39,1.0,0.0732013876409
0.00702946664138,39,1.0,0.119424102121
-0.00714265436739,39,1.0,0.0335015292356
-0.00818547679344,39,1.0,0.0298168698076
0.00825329089446,39,1.0,0.0219490701985
0.00837549797922,39,1.0,0.0225000742478
-0.00858292452389,39,1.0,0.0242308631583
0.0087372633588,39,1.0,0.0298474845004
0.00911564302757,39,1.0,0.0386642802951
5.5593848219e-5,40,1.0,0.0294340558001
0.000361682291221,40,1.0,0.100554140966
-0.00045614871675,40,1.0,0.0388075414857
-0.00173632518296,40,1.0,0.0558374950873
0.00186430765371,40,1.0,0.0249210086496
-0.00198867956463,40,1.0,0.0826251369835
-0.00227835262635,40,1.0,0.0666713050697
0.00355267470387,40,1.0,0.0372880706398
-0.00388735108468,40,1.0,0.0303035870225
0.00412142774207,40,1.0,0.0568943124358
-0.00452526091388,40,1.0,0.030715177737
0.0049158667631,40,1.0,0.040813553341
-0.00531228634332,40,1.0,0.051229639315
0.00555752775168,40,1.0,0.0576355126105
-0.00569025673131,40,1.0,0.0192048226296
-0.00654704405578,40,1.0,0.0300208437289
-0.00721612771992,40,1.0,0.0650159184913
0.0072828399076,40,1.0,0.0727897882649
0.0080468311759,40,1.0,0.0301634740453
-0.0081140002277,40,1.0,0.0384928966156
0.00838835255352,40,1.0,0.0685795644951
0.00852550580889,40,1.0,0.0482579887147
0.00912011759764,40,1.0,0.05850774063
-0.00913224344697,40,1.0,0.0403066354985
-0.00965731611917,40,1.0,0.0448004347597
-0.000177382137763,41,1.0,0.124032525134
-0.00105019574191,41,1.0,0.0523479485896
-0.0013596852677,41,1.0,0.0515888201167
-0.00171974753005,41,1.0,0.149268421183
0.00204694454826,41,1.0,0.108441371571
-0.00262177778593,41,1.0,0.377951359517
0.00329964907105,41,1.0,0.189139291837
-0.00412142534895,41,1.0,0.102134245151
-0.00478163447372,41,1.0,0.0437745972831
0.00503222139949,41,1.0,0.0363808339088
-0.00562116844631,41,1.0,0.0808703967907
0.00572071577276,41,1.0,0.0892415072867
-0.00587707318806,41,1.0,0.178691744362
0.00638377112944,41,1.0,0.116636601296
-0.00669639619416,41,1.0,0.0585086394808
0.00682086935769,41,1.0,0.0415765969656
0.00717590981979,41,1.0,0.0236402994422
0.00878120498547,41,1.0,0.0314602081127
-0.00922162331869,41,1.0,0.0472673013766
0.00939224417081,41,1.0,0.0419088043874
-0.00961712272004,41,1.0,0.0619111185177
0.00978651144329,41,1.0,0.0224464654002
-0.00987087430183,41,1.0,0.0611672661919
0.0101933645836,41,1.0,0.082506008814
0.0112001138242,41,1.0,0.0308700773683
0.000243301562281,42,1.0,0.0943702297166
-0.000271755343009,42,1.0,0.0345044959608
0.00104189374263,42,1.0,0.0229222120044
-0.00138604272834,42,1.0,0.0301000252274
0.0018201064598,42,1.0,0.0205584056194
-0.00226113312041,42,1.0,0.0906695212686
-0.00313791522234,42,1.0,0.117613895445
-0.00331179346276,42,1.0,0.10441104077
0.00363900948486,42,1.0,0.0416928686851
-0.00372944007828,42,1.0,0.0844920152814
-0.00456345026685,42,1.0,0.157227775066
0.00497950034025,42,1.0,0.119277614891
-0.00537996122345,42,1.0,0.0227773306961
-0.00573558728912,42,1.0,0.0234592202888
0.00584106510868,42,1.0,0.0613911015038
-0.00636111261665,42,1.0,0.0350905285631
0.00646499960391,42,1.0,0.0242634863462
0.00691377946537,42,1.0,0.0208680287166
-0.00706064958481,42,1.0,0.0520074864329
0.00769310133114,42,1.0,0.0315580110404
-0.00810631622773,42,1.0,0.0785639231663
-0.00853365252818,42,1.0,0.106200143477
0.00869203706753,42,1.0,0.0622039333076
-0.00902419591998,42,1.0,0.0300699516575
0.00915336940393,42,1.0,0.0196916022194
-6.36102721317e-5,43,1.0,0.0757004503393
-0.000442100897258,43,1.0,0.0237758009451
0.00105093593173,43,1.0,0.0273177935952
-0.00134995265427,43,1.0,0.022574060893
-0.00150386634131,43,1.0,0.0198916777433
0.00163736837064,43,1.0,0.0116315122976
0.00207777301341,43,1.0,0.0799674877877
0.00234085906566,43,1.0,0.0146965915981
0.00265107739969,43,1.0,0.0266079419604
-0.00283475555392,43,1.0,0.0673908204331
0.00354260157333,43,1.0,0.040183878037
0.00422602972207,43,1.0,0.0178624284529
0.00452028743136,43,1.0,0.0174087182424
-0.0047755876282,43,1.0,0.0432950520106
0.00525999282344,43,1.0,0.0158206132572
-0.0056518985186,43,1.0,0.0280672841119
-0.00597545660916,43,1.0,0.0246924084279
0.0060331386372,43,1.0,0.026494707471
0.00658626105099,43,1.0,0.0313903913776
-0.00666319393193,43,1.0,0.038792282411
0.0072625936577,43,1.0,0.0494010589206
0.00738048984916,43,1.0,0.023246846104
-0.00743275451704,43,1.0,0.0253303465186
-0.00774194076716,43,1.0,0.0264880407018
-0.00830114179968,43,1.0,0.039212261328
0.00032615630757,44,1.0,0.0503692091392
-0.000326637965181,44,1.0,0.0676669066279
-0.000972054105868,44,1.0,0.0467021975234
-0.00111823789519,44,1.0,0.0622798404756
0.00124575696024,44,1.0,0.0496376514208
-0.00136771233613,44,1.0,0.0619598519177
0.00167920571742,44,1.0,0.0370924907814
-0.00171434629174,44,1.0,0.0364671444595
0.00226961336429,44,1.0,0.182244479007
0.00342532224856,44,1.0,0.101434926109
-0.00374443934304,44,1.0,0.0608797586905
-0.00412726255228,44,1.0,0.033847969455
0.0042880417947,44,1.0,0.0365378603409
0.00455070038541,44,1.0,0.0413637232689
-0.00488134293605,44,1.0,0.0420054394414
-0.0060991950185,44,1.0,0.031934483926
-0.0064003033498,44,1.0,0.0328463596051
-0.00733007025732,44,1.0,0.0377627646282
0.00798407721355,44,1.0,0.0481757539825
-0.00843967268481,44,1.0,0.0436628116832
0.0092653299021,44,1.0,0.0364800354391
0.00969505628038,44,1.0,0.126267286155
-0.00986488696149,44,1.0,0.054853606785
0.0102698491561,44,1.0,0.030194059508
0.010361752475,44,1.0,0.0394351195638
5.87327965035e-5,45,1.0,0.0372672178684
-0.00056648844388,45,1.0,0.0291324208267
0.000909855157567,45,1.0,0.0387949267427
-0.0018686963077,45,1.0,0.0456107346873
0.00224629836226,45,1.0,0.0531843369084
-0.00247304529937,45,1.0,0.0510697736744
0.00264815354853,45,1.0,0.0498547915517
0.00305167195905,45,1.0,0.0396870232863
-0.00410597353524,45,1.0,0.0212523056935
-0.00431308660022,45,1.0,0.0338620154451
0.00437294843652,45,1.0,0.0287986742987
0.00468555736649,45,1.0,0.0443421124891
-0.00487274256516,45,1.0,0.0301988591434
-0.00560875898145,45,1.0,0.051894369184
0.00582570386341,45,1.0,0.0344759861792
-0.00621665475689,45,1.0,0.0490086347784
0.0065739977775,45,1.0,0.07782871289
-0.00738361353591,45,1.0,0.0254273536575
0.00743210129919,45,1.0,0.0400610684862
-0.00757287522498,45,1.0,0.0236769915004
0.00850232739401,45,1.0,0.0854082072426
-0.00857156573947,45,1.0,0.0291945075922
-0.00901594763558,45,1.0,0.199384324189
-0.00974984705608,45,1.0,0.0768415609398
0.00984395712632,45,1.0,0.0262773652793
-0.000219619505628,46,1.0,0.0892928511407
-0.000811224411114,46,1.0,0.0213685808196
0.00135035721906,46,1.0,0.0306375308262
0.0019748725597,46,1.0,0.0704438254698
-0.00219062080242,46,1.0,0.0234650055078
0.00320420550059,46,1.0,0.0283151298117
0.00365338866612,46,1.0,0.0363781909237
-0.00372445818413,46,1.0,0.104708915823
-0.00466920295034,46,1.0,0.0487850126452
-0.00502548421395,46,1.0,0.0395615918001
0.00513612347461,46,1.0,0.152979719567
-0.00543799808723,46,1.0,0.0360774154733
-0.00597297794986,46,1.0,0.0907914432193
0.00636858409957,46,1.0,0.199809865273
-0.00672433027691,46,1.0,0.030774841248
0.00729703023958,46,1.0,0.111734965608
-0.00782490151359,46,1.0,0.0376736656481
-0.00821635227425,46,1.0,0.043051902337
-0.00842029158421,46,1.0,0.0379265626033
-0.00874518333918,46,1.0,0.0732343605516
-0.00898833007832,46,1.0,0.0280473656776
0.00928693282892,46,1.0,0.0610833165501
-0.00933624672613,46,1.0,0.0506298112056
0.0104713017282,46,1.0,0.134720280887
0.0106435092794,46,1.0,0.0862800808573
-5.30215452225e-5,47,1.0,0.0749285365973
0.000202693896474,47,1.0,0.08719360058
0.000537228530858,47,1.0,0.075301208
-0.00112373361362,47,1.0,0.0339986035275
-0.00201991611612,47,1.0,0.120670311605
0.00248415268323,47,1.0,0.116350251398
-0.00305322652454,47,1.0,0.0339326053812
-0.00332548658525,47,1.0,0.041659604317
0.00336481570647,47,1.0,0.120825207717
0.00405462282607,47,1.0,0.0812592013637
-0.00466826552973,47,1.0,0.0344762958281
0.00483354322888,47,1.0,0.0714937717948
-0.00517558984706,47,1.0,0.100104161567
0.00547046706841,47,1.0,0.0344027236616
-0.00600666115233,47,1.0,0.0650708435485
0.00613610332339,47,1.0,0.0361164982328
0.00693065932232,47,1.0,0.0353842171185
-0.00693317177691,47,1.0,0.0416880492709
-0.0075155831197,47,1.0,0.0710150659427
0.00794820427071,47,1.0,0.158102449642
0.00839269226464,47,1.0,0.0408765387543
-0.00867273319212,47,1.0,0.0305907102385
0.00867355201545,47,1.0,0.0364364532883
-0.00892418283963,47,1.0,0.0365357321478
0.00932797744806,47,1.0,0.15204386383
0.000150668802072,48,1.0,0.0464697821839
0.000691688770727,48,1.0,0.0723981700963
0.000818622016465,48,1.0,0.027985445349
-0.000853922317964,48,1.0,0.0868099079766
0.00155901264027,48,1.0,0.0929368865576
0.00244846780624,48,1.0,0.0289936508193
-0.00256136548554,48,1.0,0.0251629295982
0.00335048266557,48,1.0,0.0376028067697
0.00362375720629,48,1.0,0.0589792860068
-0.00378531790745,48,1.0,0.0466793625529
0.0043098820774,48,1.0,0.0667528638913
-0.00449153388492,48,1.0,0.0453057344711
0.00499161513511,48,1.0,0.0403970819424
-0.00512187165902,48,1.0,0.0171853102534
0.00550988892417,48,1.0,0.044396439278
0.00556625418049,48,1.0,0.0292952868178
-0.00582868061161,48,1.0,0.0367301008478
0.0065291688669,48,1.0,0.0363478659762
-0.0066224829308,48,1.0,0.0347388330477
-0.00725798927368,48,1.0,0.0461896226708
0.00739692903036,48,1.0,0.0398454802601
-0.00865572128612,48,1.0,0.0314957657384
0.00931153402473,48,1.0,0.123000420507
0.0098341135111,48,1.0,0.0298480241324
0.0100260858703,48,1.0,0.0498125178407
0.000117549629173,49,1.0,0.15810468172
-0.000396574002275,49,1.0,0.0302497956134
0.000523314060886,49,1.0,0.074828791897
0.000844557722078,49,1.0,0.0239740945133
-0.0010993137702,49,1.0,0.0245893281684
0.00220564444377,49,1.0,0.0385627731337
0.0023381097811,49,1.0,0.0392635753232
0.00308801518663,49,1.0,0.0352210109113
-0.00378893653967,49,1.0,0.0419138419354
-0.00457189035477,49,1.0,0.0509376370959
-0.00475119478722,49,1.0,0.0397729593695
0.00486312855332,49,1.0,0.055018009555
-0.00507689317483,49,1.0,0.0620855168462
0.00555812556157,49,1.0,0.0310511390161
-0.00564830634235,49,1.0,0.0633009449226
0.006197906162,49,1.0,0.0691834420419
0.00683524807139,49,1.0,0.0395271566788
-0.00754376045196,49,1.0,0.0389962526995
0.00755579475318,49,1.0,0.0793268756297
-0.00867848028289,49,1.0,0.0225465173795
-0.00890040132775,49,1.0,0.0415655000892
0.00907147690636,49,1.0,0.224283137615
-0.00932455454457,49,1.0,0.0253103812328
0.00947634884754,49,1.0,0.0645717166359
-0.00994376578072,49,1.0,0.103022460843
-0.000826910682026,50,1.0,0.139204806609
0.00133556372198,50,1.0,0.0548157786986
0.00204374058971,50,1.0,0.0616147298717
-0.00247476938913,50,1.0,0.0445759772708
0.00284901487549,50,1.0,0.142542434511
0.00316328956979,50,1.0,0.29241149356
0.00353775490656,50,1.0,0.050377794327
-0.00357692674396,50,1.0,0.209995843492
0.00365361830532,50,1.0,0.0663131457446
0.00501510500102,50,1.0,0.0889925339667
-0.00577352673262,50,1.0,0.0490157428859
-0.00606368795447,50,1.0,0.0367781991663
-0.00663922260056,50,1.0,0.0789951810356
-0.00697296947062,50,1.0,0.0278774960418
0.00727028903362,50,1.0,0.047986810886
-0.00772143392839,50,1.0,0.0733452420094
0.00777454952923,50,1.0,0.0388670921658
-0.00833439870611,50,1.0,0.0398497018201
0.00843358113234,50,1.0,0.0399049618855
-0.00894114118805,50,1.0,0.0433015964697
0.00920286556916,50,1.0,0.0351975981603
0.00951043552222,50,1.0,0.0490684887971
-0.0100161236952,50,1.0,0.0407887083087
-0.0101862519035,50,1.0,0.0237214340196
0.0107672333002,50,1.0,0.0330383213787
-7.15542492938e-5,51,1.0,0.0269234669237
0.000341994955904,51,1.0,0.0229525483185
-0.000533861329913,51,1.0,0.0204973989171
-0.0009101611549,51,1.0,0.0228360520512
-0.00103318250631,51,1.0,0.0187638625189
0.00136166714349,51,1.0,0.0249814103084
-0.0014702592141,51,1.0,0.040970483342
-0.00194630869596,51,1.0,0.0217041769443
-0.00232585583489,51,1.0,0.047133023905
0.00247202533606,51,1.0,0.0745090279822
-0.00280216889103,51,1.0,0.105480602401
0.00303657419907,51,1.0,0.0537537010334
-0.00347657113376,51,1.0,0.0735446772342
-0.00522228711473,51,1.0,0.108130127918
0.00689764567114,51,1.0,0.200090154012
-0.00741462633241,51,1.0,0.0458919730285
-0.00797284475826,51,1.0,0.0745360708068
-0.00816180499982,51,1.0,0.051702362172
0.00821910827109,51,1.0,0.0406425011106
0.00918642898149,51,1.0,0.059978679096
-0.00935842263429,51,1.0,0.119349031564
0.009485717829,51,1.0,0.0405208078915
0.00981600346906,51,1.0,0.0555186928439
-0.0101834366279,51,1.0,0.0407389826596
0.0103980917371,51,1.0,0.0301673353443
-0.000343151652118,52,1.0,0.062202459257
0.000350958794884,52,1.0,0.0384954329981
-0.00106895844972,52,1.0,0.0868230113003
-0.00139798328748,52,1.0,0.0322904646961
0.00141295447345,52,1.0,0.0232016436763
0.00197319805734,52,1.0,0.0469062441136
-0.00214699296625,52,1.0,0.0288385349972
0.00241777486536,52,1.0,0.200427656264
-0.00246652340127,52,1.0,0.036592752108
0.00323964904726,52,1.0,0.0344599026227
-0.00332443763643,52,1.0,0.129617785224
0.00374097405757,52,1.0,0.060833570346
-0.00394446251041,52,1.0,0.0832250732027
0.00434825457305,52,1.0,0.0247100919451
-0.00443564447776,52,1.0,0.0372535333775
0.00444416929025,52,1.0,0.0358630088446
0.00478165481854,52,1.0,0.0372599297367
-0.00491514791534,52,1.0,0.0346650877346
-0.00550138137517,52,1.0,0.0361032612366
0.00566024449994,52,1.0,0.032153744661
-0.00576348072762,52,1.0,0.0554840596237
-0.00664735853726,52,1.0,0.0316155859909
0.00716800280486,52,1.0,0.114316741025
-0.00725157518473,52,1.0,0.0319802679525
-0.00758085942603,52,1.0,0.152282912733
-0.000899813309181,53,1.0,0.0406277843499
0.000963443791543,53,1.0,0.342978841835
-0.0013962636421,53,1.0,0.08407809488
-0.00193510605012,53,1.0,0.101517757384
0.00241367119391,53,1.0,0.10754070605
-0.00276477772582,53,1.0,0.131916701131
0.00276601347239,53,1.0,0.0521261321153
0.00401932875979,53,1.0,0.0698988206375
-0.00475062183638,53,1.0,0.0505515746447
0.00494087836319,53,1.0,0.0851040886036
0.00549713981711,53,1.0,0.0667569927396
-0.00553984770732,53,1.0,0.038159628337
-0.00571221174592,53,1.0,0.049186729386
-0.00639504193924,53,1.0,0.0300484075039
0.00682191555105,53,1.0,0.114056639315
-0.00701641924173,53,1.0,0.0763404636543
0.00767833766662,53,1.0,0.119311749372
-0.00856930809555,53,1.0,0.0396818854832
0.00903253476527,53,1.0,0.166378171686
-0.00918590929129,53,1.0,0.0403884147421
0.00978911406051,53,1.0,0.0642740307547
-0.0099385230152,53,1.0,0.0418430176438
-0.0100432679778,53,1.0,0.0334747226378
-0.0103984243948,53,1.0,0.0400299705716
0.010885501057,53,1.0,0.0576665502506
-0.000844820301253,54,1.0,0.0378628057308
0.000864518170268,54,1.0,0.045502910764
0.00160932616204,54,1.0,0.0501104621565
-0.00234108183522,54,1.0,0.0748566945041
0.00244665218551,54,1.0,0.0687714862039
-0.00330514196964,54,1.0,0.0878415340334
-0.00359528095824,54,1.0,0.0472577021808
0.00360208541774,54,1.0,0.0814771945525
-0.00490441206155,54,1.0,0.0635216523888
0.0051949122353,54,1.0,0.0688354210468
-0.00523505343674,54,1.0,0.0527720287365
0.00555982533906,54,1.0,0.0336895174636
0.00582634804465,54,1.0,0.101680821131
-0.00676017912011,54,1.0,0.0300742954242
0.00715046031718,54,1.0,0.0575098512958
-0.00721746013512,54,1.0,0.0266318236454
0.00832774270291,54,1.0,0.0297621539491
-0.00841923516511,54,1.0,0.0398851210041
0.00857525791501,54,1.0,0.0240834103292
-0.00885254589919,54,1.0,0.0487324365714
0.00927413192109,54,1.0,0.0600338583939
-0.00957764389309,54,1.0,0.0525988714387
0.00988338714818,54,1.0,0.0305130902483
0.0110265245756,54,1.0,0.0510967639466
-0.0114166441101,54,1.0,0.0544391917851
0.000119261412666,55,1.0,0.105136479449
-0.00102581246256,55,1.0,0.0751918465447
0.00134578946479,55,1.0,0.124233539601
0.00174105162779,55,1.0,0.0930153312063
-0.00191094459014,55,1.0,0.118484629751
0.00248951405751,55,1.0,0.0523069472589
-0.00325071862677,55,1.0,0.0365716740277
-0.00368136861623,55,1.0,0.0652718354577
-0.0042328009107,55,1.0,0.0343387406163
0.00441762125666,55,1.0,0.0563426128445
0.00476852426798,55,1.0,0.0350928438794
-0.00506107856637,55,1.0,0.0452652465036
0.00566382466366,55,1.0,0.0384877374516
-0.00626593552142,55,1.0,0.0275966529746
0.00655677715979,55,1.0,0.0242399734425
-0.00659079682263,55,1.0,0.0494189401717
-0.00725698750476,55,1.0,0.0548984529428
0.00765668576645,55,1.0,0.0168865816398
-0.00786021778686,55,1.0,0.0209345432331
0.00786647527052,55,1.0,0.0154433809823
0.0083073322974,55,1.0,0.0323541019566
-0.00834972318049,55,1.0,0.0511021299496
0.0090110099164,55,1.0,0.0382244184902
-0.00949058907869,55,1.0,0.031673548082
-0.00971112113991,55,1.0,0.0798560765249
0.000189160405474,56,1.0,0.0667962200915
-0.000207164755867,56,1.0,0.0314093165685
-0.000638851518658,56,1.0,0.0420920696256
-0.00129400748312,56,1.0,0.0334391884704
0.00133128494495,56,1.0,0.0415349088996
-0.00148685285196,56,1.0,0.0234197281708
0.00167416684019,56,1.0,0.0571534115349
-0.00239716205028,56,1.0,0.0440280126019
-0.00382901386582,56,1.0,0.0791803043701
0.00411752439036,56,1.0,0.0359855561014
0.00486606310921,56,1.0,0.0357076725578
-0.00513909417682,56,1.0,0.0342111046114
-0.00554066785496,56,1.0,0.0748541550639
0.00611437574143,56,1.0,0.0502358528839
-0.00616406262213,56,1.0,0.0352573450309
0.00646593724497,56,1.0,0.0666564674094
-0.00657596603642,56,1.0,0.106661423292
0.00702404090216,56,1.0,0.0435259570268
-0.00721341262548,56,1.0,0.0490254458469
0.00727386768375,56,1.0,0.0990117462526
0.00769888654603,56,1.0,0.0624709677378
-0.00853584015416,56,1.0,0.131215530629
0.00859595262768,56,1.0,0.0355450088697
-0.00894367289728,56,1.0,0.0575432507307
0.00986491137351,56,1.0,0.02115472131
6.01305080457e-5,57,1.0,0.0374446320538
0.000233742973641,57,1.0,0.0650322223115
0.000686979614141,57,1.0,0.0337166181486
-0.00136891218036,57,1.0,0.0778842709043
-0.00166095068746,57,1.0,0.0393981021935
0.00174028021223,57,1.0,0.118401682996
0.00250956776731,57,1.0,0.142160328338
-0.00261339866354,57,1.0,0.173321609434
-0.00369065111038,57,1.0,0.074022114843
0.00403748500231,57,1.0,0.0406983489253
0.00426430642952,57,1.0,0.0295505152456
-0.0044735428365,57,1.0,0.0742637891782
-0.00496520814849,57,1.0,0.0718671351482
0.0051054500393,57,1.0,0.0694485896121
0.00655214181095,57,1.0,0.0274705553915
-0.00661081357068,57,1.0,0.0586523940152
0.00738209465274,57,1.0,0.0376073162184
-0.00755200096693,57,1.0,0.030841569347
0.00812214319628,57,1.0,0.0463293826794
-0.00854136578288,57,1.0,0.0298028817645
-0.00912939704204,57,1.0,0.0369474479547
0.00919926558553,57,1.0,0.0543668640877
0.00968423165006,57,1.0,0.136750371732
-0.0096877488821,57,1.0,0.141990695685
0.0100823965722,57,1.0,0.0634404027858
2.30423244255e-6,58,1.0,0.0711102391199
0.000748351327376,58,1.0,0.0523657750956
0.00100876941503,58,1.0,0.0727476560693
0.00161223512628,58,1.0,0.230536838055
-0.00166577720879,58,1.0,0.0432207211038
-0.0024498031664,58,1.0,0.0356719289225
-0.00296119440903,58,1.0,0.067845994274
-0.0032691314086,58,1.0,0.031664981017
0.00361384891193,58,1.0,0.0492145706769
-0.00371222075108,58,1.0,0.055995253361
0.00412849794379,58,1.0,0.0294294088214
-0.00483152257272,58,1.0,0.0990217495081
0.00495232202808,58,1.0,0.0605164676344
-0.00591193417494,58,1.0,0.0567767538553
0.00631657142063,58,1.0,0.0506411835995
-0.00658354923792,58,1.0,0.0273646066628
0.00672384570956,58,1.0,0.0703353780096
0.00699624095249,58,1.0,0.109583627312
-0.00726356766567,58,1.0,0.0369687446509
-0.00811356185307,58,1.0,0.147523082202
0.00850211778488,58,1.0,0.126253874573
-0.0089343162977,58,1.0,0.0455322305958
0.00904628621183,58,1.0,0.089390136603
-0.00945172287508,58,1.0,0.0532862581095
0.00962168502333,58,1.0,0.217433711191
-0.000457984865245,59,1.0,0.073242511635
0.000934686188055,59,1.0,0.107829256042
-0.00100988744298,59,1.0,0.0399889190862
0.00141264250757,59,1.0,0.0436035975612
-0.00212179294402,59,1.0,0.0506871986555
-0.00225536780114,59,1.0,0.0362349142474
0.00235667723083,59,1.0,0.0349028119142
-0.00261632349163,59,1.0,0.0439110215528
-0.00327675808686,59,1.0,0.123289737509
0.00361358420513,59,1.0,0.0430697124027
0.00420257145583,59,1.0,0.0250262969954
0.00448257746526,59,1.0,0.0360690315464
0.00514016583745,59,1.0,0.0490836361555
-0.00527624914144,59,1.0,0.0704727731173
0.00529724702827,59,1.0,0.148507487938
-0.00567055876296,59,1.0,0.0340738882699
0.00653603401493,59,1.0,0.0458818854193
-0.00658261249793,59,1.0,0.0613574116871
-0.00743918269351,59,1.0,0.0518504754815
0.0076457140119,59,1.0,0.0501780866948
0.00819449024644,59,1.0,0.0211176676656
0.00828059973588,59,1.0,0.0460867786343
0.00863116499978,59,1.0,0.0490369439996
-0.00893563100026,59,1.0,0.0478424075002
0.00923975391261,59,1.0,0.0492862039642
0.000313474374926,60,1.0,0.078593999033
-0.000677422252028,60,1.0,0.152860803037
0.00254785747118,60,1.0,0.023438714846
0.00270591724721,60,1.0,0.0230919777889
0.00312742680989,60,1.0,0.040673130563
-0.00324155231921,60,1.0,0.163693745475
0.00334364824194,60,1.0,0.0518569116816
0.00364940782025,60,1.0,0.0351250697427
0.00461588447235,60,1.0,0.0458954873724
-0.00491171466819,60,1.0,0.114124204753
0.00527591745114,60,1.0,0.0225359559214
0.00578976188114,60,1.0,0.05505465743
-0.00584447953576,60,1.0,0.0590500670251
-0.00610024193741,60,1.0,0.0502304587684
0.00618573789834,60,1.0,0.0146618369698
0.00643435581606,60,1.0,0.0180611623675
-0.00677937486275,60,1.0,0.134567267613
0.00697721336115,60,1.0,0.121064952724
-0.00716327477386,60,1.0,0.104766782478
-0.00798804749812,60,1.0,0.035290400653
0.00801532134447,60,1.0,0.0171907418152
0.00861071847327,60,1.0,0.0274357902424
-0.00863337385274,60,1.0,0.0274381523057
0.00886796459728,60,1.0,0.0234527324607
-0.00926568705908,60,1.0,0.0266071438615
-0.000983711948706,61,1.0,0.0491952365545
-0.00185159071836,61,1.0,0.0305884229606
0.00189221548627,61,1.0,0.0645223957048
0.0023426245879,61,1.0,0.0406973477367
-0.0025472250505,61,1.0,0.0238258880659
0.0030797810385,61,1.0,0.03460774873
0.00336466466298,61,1.0,0.0395753302314
-0.00339255824208,61,1.0,0.0398548068887
0.00353753021826,61,1.0,0.0307238706822
-0.00404013758808,61,1.0,0.0265693471795
-0.00439581381113,61,1.0,0.0416972742682
0.00470653754351,61,1.0,0.0527778347195
-0.00501997164481,61,1.0,0.0438728356482
0.00512722070508,61,1.0,0.0271626572293
-0.00528873533833,61,1.0,0.035856536553
0.00574671506692,61,1.0,0.0502216789901
0.00653302777625,61,1.0,0.0342980633132
-0.00696382997061,61,1.0,0.593537778754
0.0069876778721,61,1.0,0.0438184419921
-0.00746924948449,61,1.0,0.0237365418467
-0.00823149112823,61,1.0,0.025328015169
0.00829912490528,61,1.0,0.0506011973707
0.00905299605512,61,1.0,0.0696935381375
-0.00905356196881,61,1.0,0.0342069068
-0.00973216202668,61,1.0,0.0253678813207
0.000262876324714,62,1.0,0.0410655497314
0.000575488107186,62,1.0,0.0338057132536
-0.00106377399741,62,1.0,0.0319010190084
0.0010952194917,62,1.0,0.030249621443
-0.0015684423391,62,1.0,0.0302781168389
0.0016365859559,62,1.0,0.0372277111678
0.00193867068706,62,1.0,0.0333082477596
-0.00195990287197,62,1.0,0.0398503870857
0.00216040460014,62,1.0,0.017303573832
0.00259168927023,62,1.0,0.0315004006873
-0.0026383205268,62,1.0,0.04000033141
0.00281250683656,62,1.0,0.0473351107832
-0.00312300577962,62,1.0,0.0540987915258
0.00326512963678,62,1.0,0.0366312826054
-0.00382303410888,62,1.0,0.135259232903
0.00412996247384,62,1.0,0.0591686762431
0.00468072355347,62,1.0,0.0337469657802
-0.00500946272812,62,1.0,0.0379935870278
0.00506328254194,62,1.0,0.108831364931
-0.00545487280165,62,1.0,0.0366236754702
0.00579093061568,62,1.0,0.046003187753
-0.00615634506078,62,1.0,0.0713167204655
0.00654604086928,62,1.0,0.0343337050787
-0.00692093397801,62,1.0,0.0495823120016
-0.00713269627853,62,1.0,0.0532253627768
-0.000313628556149,63,1.0,0.0274358440772
-0.000670657937423,63,1.0,0.0929943782357
0.00100095025652,63,1.0,0.0356992828938
0.00169549432647,63,1.0,0.0193600098007
-0.00180452297488,63,1.0,0.0362011921625
-0.00263302066552,63,1.0,0.0292226230179
-0.0033241570986,63,1.0,0.0281619410909
0.00380992725557,63,1.0,0.0356463627663
0.00407310043656,63,1.0,0.0218141627428
-0.00444009632746,63,1.0,0.0552772158799
0.00477974221477,63,1.0,0.0351181348106
-0.00496872854072,63,1.0,0.0336811301535
-0.00558491185068,63,1.0,0.0699998839526
0.00604624234089,63,1.0,0.0269979292589
0.00635595287226,63,1.0,0.121856273066
0.00705830608549,63,1.0,0.0256340967512
-0.00752782963536,63,1.0,0.0415580983027
0.00760498572698,63,1.0,0.11698990919
-0.00802524877455,63,1.0,0.0376719702347
0.00862520487448,63,1.0,0.0489889149733
-0.00949365764574,63,1.0,0.0192515541005
0.00954402899111,63,1.0,0.0555738273855
-0.00999613395575,63,1.0,0.0260924318069
0.010317845183,63,1.0,0.155349082097
-0.0104300948467,63,1.0,0.0480859183778
-0.00026958942522,64,1.0,0.0735538227633
-0.000975885716845,64,1.0,0.0426736430632
0.00112458093494,64,1.0,0.0306112084192
-0.00149776939404,64,1.0,0.056449253677
0.00202861576049,64,1.0,0.0210430039874
0.00252170834586,64,1.0,0.0236733582467
0.00349747103985,64,1.0,0.0341535142602
-0.00353799940508,64,1.0,0.0394173742201
-0.00387531753066,64,1.0,0.0765457520422
0.00409385320896,64,1.0,0.0248042230023
0.00447956914496,64,1.0,0.0270029260657
0.00530919028089,64,1.0,0.0483586081511
-0.00568814680047,64,1.0,0.0376962814358
-0.00609904873992,64,1.0,0.0202966601192
0.00616840427948,64,1.0,0.0732648366579
0.00659230219885,64,1.0,0.0516810586794
-0.00675281994234,64,1.0,0.0235205520871
-0.00725441998493,64,1.0,0.0537708583553
-0.00751479965676,64,1.0,0.0212958227631
0.00752746254922,64,1.0,0.0207270198807
0.00813272634475,64,1.0,0.0773280754347
-0.00823456957548,64,1.0,0.0396398932295
0.00833687519575,64,1.0,0.016974205428
-0.00848800035472,64,1.0,0.0286562311845
0.00884409767403,64,1.0,0.0212616030434
0.000234899168662,65,1.0,0.03452116708
-0.00118817783691,65,1.0,0.0315005067996
0.00134706033289,65,1.0,0.143655005954
-0.00141199626795,65,1.0,0.0581247696121
0.00220800956456,65,1.0,0.0474869600462
0.00244546376195,65,1.0,0.0837451644793
-0.00252524823265,65,1.0,0.0269360657098
-0.00297572972039,65,1.0,0.205413605106
0.00318244959125,65,1.0,0.100147432373
-0.00382621866172,65,1.0,0.0779318606227
-0.00511501603913,65,1.0,0.0657946768419
0.00514155866865,65,1.0,0.0376553959816
0.00591794660078,65,1.0,0.0500639203288
0.00669424475341,65,1.0,0.0344096303293
-0.00674249346882,65,1.0,0.0772638151903
0.00716983718781,65,1.0,0.0305569912134
-0.00734779701945,65,1.0,0.0441303901237
0.0074425753917,65,1.0,0.0340440699473
-0.00774692962761,65,1.0,0.0454574613963
0.00831230731293,65,1.0,0.231685221187
0.00864753819315,65,1.0,0.0420740518443
-0.00867074798875,65,1.0,0.0961905932206
-0.0094494767281,65,1.0,0.0399750159198
0.0114390405478,65,1.0,0.0626114144884
-0.0114949378419,65,1.0,0.0538061813114
-3.60776913181e-5,66,1.0,0.0240757433387
0.000301720798126,66,1.0,0.0204307457918
0.000920997085768,66,1.0,0.0337381950483
0.00129322669597,66,1.0,0.0334041592717
-0.00133318008041,66,1.0,0.0671783149082
0.00242655866122,66,1.0,0.0361139542568
-0.00249500302873,66,1.0,0.0340710530758
-0.0031177357536,66,1.0,0.0334502889638
0.00360097677843,66,1.0,0.0272997253634
0.00373103631661,66,1.0,0.0352431873056
-0.00443208566524,66,1.0,0.050406575155
0.00469432362685,66,1.0,0.047099118008
-0.00493432157789,66,1.0,0.0297922756433
0.00506809414894,66,1.0,0.0436400617542
0.006124636006,66,1.0,0.100023311374
0.00649258023499,66,1.0,0.0594029567308
-0.00662344960834,66,1.0,0.0276307896565
0.0067718165588,66,1.0,0.13081597365
-0.00748478077105,66,1.0,0.0183780995733
0.00770069764181,66,1.0,0.034318415286
-0.00800012918612,66,1.0,0.022194155651
-0.00841416028757,66,1.0,0.0320427973868
-0.00935659525512,66,1.0,0.0359179852634
0.00938625164576,66,1.0,0.14615773756
-0.00950962873569,66,1.0,0.0951954336969
0.000330458651319,67,1.0,0.0681628872573
0.000537710738966,67,1.0,0.0329842472817
0.000873374119909,67,1.0,0.400024267282
-0.0011683311857,67,1.0,0.0411379587425
0.00137794810576,67,1.0,0.0927969467646
-0.00147554015128,67,1.0,0.0266443163157
0.0019325752037,67,1.0,0.0301627505947
-0.00197889409436,67,1.0,0.043242246707
-0.00286741247526,67,1.0,0.0343348791094
0.00315377093673,67,1.0,0.0553123210893
0.00340832906871,67,1.0,0.0688960298581
-0.0035619369758,67,1.0,0.0762479691062
0.00377229021685,67,1.0,0.0450674948226
0.00464768573244,67,1.0,0.0269268930866
-0.00498065276276,67,1.0,0.0382636135918
-0.0051720369873,67,1.0,0.0488234260524
-0.00639621525224,67,1.0,0.0405451421737
0.00650625720316,67,1.0,0.0289043370383
-0.00671283861511,67,1.0,0.0359661282259
0.00681630727761,67,1.0,0.0597224671183
0.0075077022956,67,1.0,0.034574430968
-0.00816959838383,67,1.0,0.0182090653126
0.00829188297965,67,1.0,0.0369256518789
-0.00837232554599,67,1.0,0.0308591339553
0.00893618945596,67,1.0,0.0553632086983
-0.000234194538318,68,1.0,0.10375942499
-0.000783394721053,68,1.0,0.0395732660218
-0.00135086542588,68,1.0,0.0384278006374
0.00172270249239,68,1.0,0.0348220289553
0.00223340809205,68,1.0,0.0306578072758
-0.0023274292329,68,1.0,0.0394667948099
0.00284401542142,68,1.0,0.0543971900714
-0.00294121226607,68,1.0,0.0371785954047
0.00296999630545,68,1.0,0.0476112925339
-0.00422662000713,68,1.0,0.0831253147929
0.00429675772165,68,1.0,0.0451719458329
-0.00460922475907,68,1.0,0.0426712375108
0.00482709979721,68,1.0,0.0760010769841
-0.00520219981399,68,1.0,0.233317441043
0.00537205607593,68,1.0,0.314412037361
-0.00557623978891,68,1.0,0.0455010582441
-0.00641476362995,68,1.0,0.0413192679438
0.00653875513065,68,1.0,0.0393342887975
0.00728110711812,68,1.0,0.0364724695191
-0.00730684193903,68,1.0,0.0548693261212
0.00797062309594,68,1.0,0.0711364799896
0.00838477520143,68,1.0,0.0592772610573
-0.00846405322775,68,1.0,0.0322758160253
0.00961419453742,68,1.0,0.0670978297546
-0.00963120614803,68,1.0,0.0391387872482
-0.000286559142678,69,1.0,0.0895596170872
-0.00107091333728,69,1.0,0.270189528459
0.00114675796569,69,1.0,0.0387317245623
0.00136869057293,69,1.0,0.0484848400105
-0.00146693325927,69,1.0,0.183387181291
0.00184482642652,69,1.0,0.027245149119
0.00193994156919,69,1.0,0.0264379117835
-0.00301689908379,69,1.0,0.0601250822366
0.00330789499545,69,1.0,0.0396803112472
0.00363580535297,69,1.0,0.0451973611402
0.0042970167059,69,1.0,0.0419976505797
0.00459765390617,69,1.0,0.0485794869289
0.00510701761705,69,1.0,0.0375784431865
-0.00541854287173,69,1.0,0.0450166744569
-0.00596886600779,69,1.0,0.0372417717954
0.00637645256349,69,1.0,0.0715718858491
-0.00662715350133,69,1.0,0.0372283784974
0.00683340838191,69,1.0,0.140072607229
-0.00725764199008,69,1.0,0.0718299296833
-0.00749781614714,69,1.0,0.0837813626799
0.00768494217886,69,1.0,0.0272392931044
0.00846439201921,69,1.0,0.0456978988672
-0.00850966174482,69,1.0,0.0295642140758
0.00905220529346,69,1.0,0.0500567581305
0.00931958812701,69,1.0,0.0271341812669
8.83907153888e-5,70,1.0,0.018223351493
-0.00019069194152,70,1.0,0.0253529678127
0.000653093319499,70,1.0,0.0147199955088
0.000963892998226,70,1.0,0.0299638301048
-0.00123755095862,70,1.0,0.0474441999287
0.00138771591792,70,1.0,0.039425676824
0.00217004606947,70,1.0,0.0171519560365
0.00238752811828,70,1.0,0.0308761510869
0.00270744073986,70,1.0,0.0351129950191
0.00366122400711,70,1.0,0.0271786364056
0.00438601616699,70,1.0,0.0194999839771
-0.00441285256452,70,1.0,0.156028315348
-0.00544053080349,70,1.0,0.0646634808877
-0.00560385402051,70,1.0,0.0338332750214
0.00594164438594,70,1.0,0.0226066409656
0.00608786039614,70,1.0,0.0197400144484
-0.00637151011059,70,1.0,0.0517782964678
-0.0065943121255,70,1.0,0.0581210450527
0.00664032969441,70,1.0,0.0200390503763
-0.00692846935926,70,1.0,0.0293311558369
0.00741938244351,70,1.0,0.0386132438582
-0.00750546343044,70,1.0,0.0391093616216
-0.00787485793102,70,1.0,0.0412359344751
0.00795819808412,70,1.0,0.0342281032155
-0.00830073060719,70,1.0,0.0848600850626
0.000454791339233,71,1.0,0.0685129622945
-0.000541725965927,71,1.0,0.0489404669595
-0.00101693218886,71,1.0,0.0543759052893
0.00180534300332,71,1.0,0.0652120440706
-0.0022806545989,71,1.0,0.0432356366315
-0.00251707655004,71,1.0,0.0396700926895
-0.0028823223415,71,1.0,0.053079931373
0.00296070861435,71,1.0,0.0546089648824
0.00354523108434,71,1.0,0.0370363940688
-0.0037615989946,71,1.0,0.0640406860618
0.0039556142976,71,1.0,0.0526047718769
-0.00403020173541,71,1.0,0.0731935576161
0.0042886074803,71,1.0,0.0289711967556
0.00447290161501,71,1.0,0.0225148930054
0.00476132091757,71,1.0,0.0499462713447
-0.00487605679418,71,1.0,0.0645292000249
-0.00612701500209,71,1.0,0.0814060751951
0.00646380394996,71,1.0,0.0523923630894
-0.00680271682395,71,1.0,0.0418091544075
0.00778730802674,71,1.0,0.0354574983061
-0.00827922679173,71,1.0,0.0360251658545
0.0090740693234,71,1.0,0.0427267444353
0.00940982477723,71,1.0,0.0364908057164
-0.00945617532052,71,1.0,0.0505262891715
-0.00960328311665,71,1.0,0.0288346736744
-9.55063643952e-5,72,1.0,0.0224089255609
-0.000274507889017,72,1.0,0.027909684255
-0.000361573154642,72,1.0,0.0318422345788
0.000717347153223,72,1.0,0.0827199910712
-0.000988675257027,72,1.0,0.0188609557101
0.00120642478755,72,1.0,0.0445284326023
-0.00196990527344,72,1.0,0.0259612190047
0.00230155330543,72,1.0,0.0479079602064
-0.0024292980201,72,1.0,0.0407737766774
-0.00269691665698,72,1.0,0.0206967893618
0.00291633549787,72,1.0,0.0952181603152
-0.00375054841025,72,1.0,0.029617376062
0.00418151913091,72,1.0,0.0536142362319
-0.00471949553989,72,1.0,0.0657437306599
0.00478083803864,72,1.0,0.0294371855576
0.0053359792807,72,1.0,0.028160734679
-0.00539563218955,72,1.0,0.0241375627294
-0.00603880348727,72,1.0,0.0539727916908
0.00622165477018,72,1.0,0.0528348465577
-0.00659747552265,72,1.0,0.0275958403433
0.00672804365549,72,1.0,0.0884028895375
-0.00739868013477,72,1.0,0.0311542261893
0.00760666528387,72,1.0,0.0310241933937
-0.00772523947872,72,1.0,0.0346943409886
-0.00847495970972,72,1.0,0.0278644899637
0.000218240447015,73,1.0,0.0591630519091
-0.000350779568286,73,1.0,0.0327985991987
-0.000765058545189,73,1.0,0.0522563236402
-0.000998664155299,73,1.0,0.0726693472967
-0.00178317805267,73,1.0,0.287058684222
0.00191536717489,73,1.0,0.182915255496
-0.00229202579492,73,1.0,0.0437617851041
-0.00258598228136,73,1.0,0.0576137939084
-0.00374025131833,73,1.0,0.0706021279168
0.00441807375785,73,1.0,0.0406881591849
0.00468522338522,73,1.0,0.0387582421548
-0.0051464711401,73,1.0,0.0366629320097
0.00528302924303,73,1.0,0.0247279373205
-0.00543741910258,73,1.0,0.0486219913315
0.00567706715248,73,1.0,0.0599042763595
0.00667043385476,73,1.0,0.0536751350308
-0.0068319259713,73,1.0,0.0721200962315
0.00700436498164,73,1.0,0.0214896987485
0.00733456741113,73,1.0,0.0440391944617
-0.00743650579022,73,1.0,0.0577224492813
0.00783709438414,73,1.0,0.0307228192525
-0.00873604055484,73,1.0,0.105345959171
0.00929656503425,73,1.0,0.0421395734165
0.00961372432322,73,1.0,0.0298830041835
0.0100779699418,73,1.0,0.0425899003077
0.000180827141984,74,1.0,0.0330535469292
-0.000980720782194,74,1.0,0.0424687335698
-0.00146261847177,74,1.0,0.0759466390907
-0.00152412227961,74,1.0,0.0433628890574
0.00261311408123,74,1.0,0.0719881116222
-0.0029073668303,74,1.0,0.110428487156
0.00292930730071,74,1.0,0.0677828413462
0.00339173253633,74,1.0,0.0254561756238
0.00428103943826,74,1.0,0.023642566553
0.00507519882639,74,1.0,0.0294862127768
-0.00527055311753,74,1.0,0.060214679496
-0.00554487171329,74,1.0,0.0598811067153
0.00573338723329,74,1.0,0.051700653727
-0.00633764256228,74,1.0,0.0377444269415
-0.00756133719134,74,1.0,0.0802240893061
0.00824584733051,74,1.0,0.0573216972146
0.00842972862974,74,1.0,0.0288981200272
-0.00891425642276,74,1.0,0.04843804801
0.00921065874207,74,1.0,0.0490816458954
0.00960311825286,74,1.0,0.0221778008524
-0.00987022992173,74,1.0,0.0435821218069
0.0100621502406,74,1.0,0.0248021305863
0.0102905321693,74,1.0,0.0262949601816
0.0105052106043,74,1.0,0.0251130640823
-0.010832725536,74,1.0,0.14178060443
0.000402546824984,75,1.0,0.0458801350092
-0.000412079852927,75,1.0,0.0355489715865
-0.000670682124432,75,1.0,0.105082666405
0.00074647511046,75,1.0,0.0400807219184
-0.00103006660994,75,1.0,0.0576875854903
0.00139731022429,75,1.0,0.0310839636936
-0.0014572590644,75,1.0,0.142256779049
0.00216986155538,75,1.0,0.0508102263948
0.00343460878496,75,1.0,0.0450394236428
-0.00347192540417,75,1.0,0.0356167039681
-0.00380401770225,75,1.0,0.0583048210523
0.00407518186479,75,1.0,0.0733373327749
0.00447615844253,75,1.0,0.271255385013
-0.00485360970091,75,1.0,0.087745048363
0.00528738657867,75,1.0,0.037781120422
0.00563658509172,75,1.0,0.0443509749847
0.00606017850863,75,1.0,0.0646070930811
0.00743521764688,75,1.0,0.0872100401677
-0.00799609086672,75,1.0,0.0443646739595
-0.00816498500807,75,1.0,0.0426888562573
-0.00865449559812,75,1.0,0.0390838200472
0.00957559513518,75,1.0,0.0437682777578
-0.00989982406181,75,1.0,0.0325630170943
0.0100366670368,75,1.0,0.0638507099794
-0.0108439059411,75,1.0,0.0496729586579
0.000684638702557,76,1.0,0.169314880509
-0.00148235990561,76,1.0,0.0908733752046
0.0020373491632,76,1.0,0.0304094853954
0.00265796908607,76,1.0,0.0346504645439
-0.00267552486381,76,1.0,0.0455818458582
-0.00280271535145,76,1.0,0.0739067243772
0.00311985237135,76,1.0,0.0194861007321
0.0034806861194,76,1.0,0.0339165167731
-0.00348202717177,76,1.0,0.0279669503371
0.0040494229009,76,1.0,0.113773510961
-0.00423880163843,76,1.0,0.0553173366114
-0.00434715310087,76,1.0,0.0457666517202
0.00495651390687,76,1.0,0.0374575244928
-0.00538646402643,76,1.0,0.0255826360937
-0.00549054781167,76,1.0,0.0566905800597
0.00550669894269,76,1.0,0.0305614768587
0.00593069115826,76,1.0,0.0474972987826
-0.00604296582863,76,1.0,0.0426733039389
-0.00652183566567,76,1.0,0.0312031996634
0.00730336095005,76,1.0,0.0278344149919
0.00735541213602,76,1.0,0.0403528230391
0.00757701326356,76,1.0,0.10476088384
0.00791974527325,76,1.0,0.026757193797
0.00814165468069,76,1.0,0.0266788400292
-0.00815385056954,76,1.0,0.0489567253786
-0.00023050153097,77,1.0,0.114240152402
-0.000700678949528,77,1.0,0.0949157741455
0.000868652570671,77,1.0,0.0213192521784
-0.0010880190261,77,1.0,0.097631218205
0.00141474285197,77,1.0,0.0183406984421
0.00165102660048,77,1.0,0.0287749631534
-0.00257375022847,77,1.0,0.0488612371887
0.00269721592887,77,1.0,0.0572876585471
0.00326696269328,77,1.0,0.0223251478622
-0.00338168618149,77,1.0,0.0989969227033
-0.00380503741198,77,1.0,0.0329834830792
0.00381816816824,77,1.0,0.0246529869839
-0.00473206306034,77,1.0,0.0796672988223
0.00475657619911,77,1.0,0.0513560999324
-0.00551106478122,77,1.0,0.180852595399
0.00664597572787,77,1.0,0.129916437794
-0.00666595847421,77,1.0,0.0619054533223
-0.00706606986282,77,1.0,0.0485397294094
0.00796060882772,77,1.0,0.0206334274562
0.00825319963186,77,1.0,0.0215463370412
-0.00845685213835,77,1.0,0.0334575954182
-0.00901737090308,77,1.0,0.0436001638541
0.00902882173478,77,1.0,0.0556087220595
0.00981820974174,77,1.0,0.0326939008578
0.0109917253394,77,1.0,0.059118092953
-0.000120652828576,78,1.0,0.0230261513279
0.00056182938926,78,1.0,0.0207780742164
-0.000756032058894,78,1.0,0.0323425169814
-0.00119032452174,78,1.0,0.0402468290815
0.00184894395666,78,1.0,0.0645005409458
0.00221214784134,78,1.0,0.0656470766859
-0.00240097470633,78,1.0,0.0643507958826
0.00251613854356,78,1.0,0.0255145517026
-0.00308500114465,78,1.0,0.0403245839574
0.0031630069254,78,1.0,0.0262549634489
-0.00327646030037,78,1.0,0.0416116052976
-0.00409741339715,78,1.0,0.0358686425629
0.00446854096927,78,1.0,0.0437104197259
0.00468071586392,78,1.0,0.0495821955573
-0.00473297545311,78,1.0,0.0289909929869
-0.00560797961603,78,1.0,0.0327690935439
-0.00575819192172,78,1.0,0.0215233031221
0.00579036196921,78,1.0,0.0748358441757
-0.00628519533175,78,1.0,0.0554945627046
0.00685830832196,78,1.0,0.034371310203
-0.00728699978778,78,1.0,0.0576784788384
0.00772026411492,78,1.0,0.0248410001774
0.00812471041221,78,1.0,0.0393591844057
-0.00842355776751,78,1.0,0.0360444487287
0.00879993992792,78,1.0,0.0315458446712
0.000284816866485,79,1.0,0.0449017975766
-0.000566749469955,79,1.0,0.0481172380728
-0.00100386261023,79,1.0,0.0339015024582
0.00101973419319,79,1.0,0.0636810665395
-0.00216822249659,79,1.0,0.0630445290965
0.00327336717971,79,1.0,0.0468835124331
0.00346414530321,79,1.0,0.0577617065235
-0.00353783153883,79,1.0,0.0905168236348
-0.00378875147616,79,1.0,0.0483855057294
0.00405056157532,79,1.0,0.0764579717333
-0.00420036932754,79,1.0,0.0745708507777
0.00506795482123,79,1.0,0.126669832764
-0.00564923414637,79,1.0,0.0459587387374
0.00575475625381,79,1.0,0.0844043947128
-0.0065451111428,79,1.0,0.211836432653
0.00679961337894,79,1.0,0.0675313351692
0.00745568163225,79,1.0,0.0724560960663
-0.00775662123057,79,1.0,0.0236003962702
-0.00803636440482,79,1.0,0.0223714115705
0.00815127357694,79,1.0,0.0769656333583
-0.00866525168019,79,1.0,0.0307674485192
-0.0090506924498,79,1.0,0.319015221755
-0.00971378348539,79,1.0,0.0485336824158
-0.0100222070224,79,1.0,0.0830634631553
-0.0108652750219,79,1.0,0.033918937511
-0.000235847475172,80,1.0,0.0702054515713
0.000564822418493,80,1.0,0.0510721986806
-0.0011368082224,80,1.0,0.0249847807148
-0.00147999832555,80,1.0,0.0192457933196
0.00231769141484,80,1.0,0.0601206460388
-0.00250617828869,80,1.0,0.0218187673248
-0.00270633023765,80,1.0,0.0241951331663
0.00292262804155,80,1.0,0.0393076508938
-0.00325944441893,80,1.0,0.0248232427562
-0.00363699540631,80,1.0,0.0161943256748
0.0038538709958,80,1.0,0.0193206667789
0.00490891757093,80,1.0,0.0341945197754
-0.00502691717858,80,1.0,0.0629144624486
0.00519287490078,80,1.0,0.0215643402586
-0.00569353740469,80,1.0,0.0344987481903
0.00620532556484,80,1.0,0.0740180017981
-0.00623368395192,80,1.0,0.0609249017986
0.00699653005495,80,1.0,0.0366902290642
0.0073812329233,80,1.0,0.0248137843036
-0.00740014045056,80,1.0,0.0465521326527
0.00786742751525,80,1.0,0.0368934714772
0.0081415936865,80,1.0,0.0307823273549
-0.00826061710536,80,1.0,0.0435119568512
-0.00876218857769,80,1.0,0.14596935959
0.00929189693082,80,1.0,0.0539403272563
-0.000168722379746,81,1.0,0.0286776187297
0.000421524379891,81,1.0,0.0699678875753
0.00114835009263,81,1.0,0.026647022646
-0.00159138666006,81,1.0,0.05472199987
0.00181693887027,81,1.0,0.0369342263993
0.00215672835013,81,1.0,0.0406806508105
-0.00240870304445,81,1.0,0.123291499665
-0.00263791963649,81,1.0,0.0375197524654
0.00293482635185,81,1.0,0.0292572870661
-0.00365894106002,81,1.0,0.059004192616
0.00407148056324,81,1.0,0.057537243358
-0.00421624670455,81,1.0,0.0317533260766
0.00441360753951,81,1.0,0.0667292818869
0.00518315903679,81,1.0,0.0417419021893
-0.00519629860435,81,1.0,0.0481994166206
0.00595918913642,81,1.0,0.0236416614887
-0.00618371606147,81,1.0,0.0745947022612
0.00699334842879,81,1.0,0.0178196254535
-0.00743499751716,81,1.0,0.133741217107
0.00769554820621,81,1.0,0.0243083848475
0.00809675417037,81,1.0,0.0204339304546
0.00865411961397,81,1.0,0.147600364927
-0.00871764002279,81,1.0,0.0394466932674
0.00887085981406,81,1.0,0.0173419826848
-0.00928143679584,81,1.0,0.042492506761
